date,children_detained,rolling_avg_7d
2024-07-20 00:00:00+00:00,1,
2024-07-21 00:00:00+00:00,3,
2024-07-22 00:00:00+00:00,7,3.7
2024-07-23 00:00:00+00:00,6,4.2
2024-07-24 00:00:00+00:00,5,4.4
2024-07-25 00:00:00+00:00,5,4.5
2024-07-26 00:00:00+00:00,4,4.4
2024-07-27 00:00:00+00:00,8,5.4
2024-07-28 00:00:00+00:00,8,6.1
2024-07-29 00:00:00+00:00,7,6.1
2024-07-30 00:00:00+00:00,7,6.3
2024-07-31 00:00:00+00:00,15,7.7
2024-08-01 00:00:00+00:00,10,8.4
2024-08-02 00:00:00+00:00,11,9.4
2024-08-03 00:00:00+00:00,14,10.3
2024-08-04 00:00:00+00:00,15,11.3
2024-08-05 00:00:00+00:00,13,12.1
2024-08-06 00:00:00+00:00,12,12.9
2024-08-07 00:00:00+00:00,11,12.3
2024-08-08 00:00:00+00:00,7,11.9
2024-08-09 00:00:00+00:00,12,12.0
2024-08-10 00:00:00+00:00,12,11.7
2024-08-11 00:00:00+00:00,12,11.3
2024-08-12 00:00:00+00:00,12,11.1
2024-08-13 00:00:00+00:00,12,11.1
2024-08-14 00:00:00+00:00,12,11.3
2024-08-15 00:00:00+00:00,9,11.6
2024-08-16 00:00:00+00:00,11,11.4
2024-08-17 00:00:00+00:00,14,11.7
2024-08-18 00:00:00+00:00,14,12.0
2024-08-19 00:00:00+00:00,13,12.1
2024-08-20 00:00:00+00:00,14,12.4
2024-08-21 00:00:00+00:00,18,13.3
2024-08-22 00:00:00+00:00,23,15.3
2024-08-23 00:00:00+00:00,24,17.1
2024-08-24 00:00:00+00:00,22,18.3
2024-08-25 00:00:00+00:00,22,19.4
2024-08-26 00:00:00+00:00,24,21.0
2024-08-27 00:00:00+00:00,17,21.4
2024-08-28 00:00:00+00:00,16,21.1
2024-08-29 00:00:00+00:00,18,20.4
2024-08-30 00:00:00+00:00,18,19.6
2024-08-31 00:00:00+00:00,21,19.4
2024-09-01 00:00:00+00:00,21,19.3
2024-09-02 00:00:00+00:00,22,19.0
2024-09-03 00:00:00+00:00,18,19.1
2024-09-04 00:00:00+00:00,17,19.3
2024-09-05 00:00:00+00:00,16,19.0
2024-09-06 00:00:00+00:00,16,18.7
2024-09-07 00:00:00+00:00,18,18.3
2024-09-08 00:00:00+00:00,20,18.1
2024-09-09 00:00:00+00:00,20,17.9
2024-09-10 00:00:00+00:00,20,18.1
2024-09-11 00:00:00+00:00,19,18.4
2024-09-12 00:00:00+00:00,24,19.6
2024-09-13 00:00:00+00:00,20,20.1
2024-09-14 00:00:00+00:00,24,21.0
2024-09-15 00:00:00+00:00,27,22.0
2024-09-16 00:00:00+00:00,26,22.9
2024-09-17 00:00:00+00:00,29,24.1
2024-09-18 00:00:00+00:00,20,24.3
2024-09-19 00:00:00+00:00,20,23.7
2024-09-20 00:00:00+00:00,19,23.6
2024-09-21 00:00:00+00:00,18,22.7
2024-09-22 00:00:00+00:00,18,21.4
2024-09-23 00:00:00+00:00,18,20.3
2024-09-24 00:00:00+00:00,21,19.1
2024-09-25 00:00:00+00:00,18,18.9
2024-09-26 00:00:00+00:00,8,17.1
2024-09-27 00:00:00+00:00,7,15.4
2024-09-28 00:00:00+00:00,8,14.0
2024-09-29 00:00:00+00:00,9,12.7
2024-09-30 00:00:00+00:00,10,11.6
2024-10-01 00:00:00+00:00,11,10.1
2024-10-02 00:00:00+00:00,8,8.7
2024-10-03 00:00:00+00:00,6,8.4
2024-10-04 00:00:00+00:00,7,8.4
2024-10-05 00:00:00+00:00,11,8.9
2024-10-06 00:00:00+00:00,10,9.0
2024-10-07 00:00:00+00:00,10,9.0
2024-10-08 00:00:00+00:00,11,9.0
2024-10-09 00:00:00+00:00,15,10.0
2024-10-10 00:00:00+00:00,14,11.1
2024-10-11 00:00:00+00:00,14,12.1
2024-10-12 00:00:00+00:00,14,12.6
2024-10-13 00:00:00+00:00,13,13.0
2024-10-14 00:00:00+00:00,12,13.3
2024-10-15 00:00:00+00:00,13,13.6
2024-10-16 00:00:00+00:00,9,12.7
2024-10-17 00:00:00+00:00,8,11.9
2024-10-18 00:00:00+00:00,7,10.9
2024-10-19 00:00:00+00:00,7,9.9
2024-10-20 00:00:00+00:00,9,9.3
2024-10-21 00:00:00+00:00,8,8.7
2024-10-22 00:00:00+00:00,8,8.0
2024-10-23 00:00:00+00:00,10,8.1
2024-10-24 00:00:00+00:00,5,7.7
2024-10-25 00:00:00+00:00,5,7.4
2024-10-26 00:00:00+00:00,5,7.1
2024-10-27 00:00:00+00:00,8,7.0
2024-10-28 00:00:00+00:00,8,7.0
2024-10-29 00:00:00+00:00,7,6.9
2024-10-30 00:00:00+00:00,7,6.4
2024-10-31 00:00:00+00:00,6,6.6
2024-11-01 00:00:00+00:00,4,6.4
2024-11-02 00:00:00+00:00,8,6.9
2024-11-03 00:00:00+00:00,9,7.0
2024-11-04 00:00:00+00:00,10,7.3
2024-11-05 00:00:00+00:00,13,8.1
2024-11-06 00:00:00+00:00,13,9.0
2024-11-07 00:00:00+00:00,10,9.6
2024-11-08 00:00:00+00:00,8,10.1
2024-11-09 00:00:00+00:00,10,10.4
2024-11-10 00:00:00+00:00,10,10.6
2024-11-11 00:00:00+00:00,10,10.6
2024-11-12 00:00:00+00:00,12,10.4
2024-11-13 00:00:00+00:00,12,10.3
2024-11-14 00:00:00+00:00,9,10.1
2024-11-15 00:00:00+00:00,10,10.4
2024-11-16 00:00:00+00:00,11,10.6
2024-11-17 00:00:00+00:00,15,11.3
2024-11-18 00:00:00+00:00,17,12.3
2024-11-19 00:00:00+00:00,16,12.9
2024-11-20 00:00:00+00:00,7,12.1
2024-11-21 00:00:00+00:00,3,11.3
2024-11-22 00:00:00+00:00,4,10.4
2024-11-23 00:00:00+00:00,6,9.7
2024-11-24 00:00:00+00:00,7,8.6
2024-11-25 00:00:00+00:00,7,7.1
2024-11-26 00:00:00+00:00,8,6.0
2024-11-27 00:00:00+00:00,6,5.9
2024-11-28 00:00:00+00:00,6,6.3
2024-11-29 00:00:00+00:00,4,6.3
2024-11-30 00:00:00+00:00,4,6.0
2024-12-01 00:00:00+00:00,4,5.6
2024-12-02 00:00:00+00:00,4,5.1
2024-12-03 00:00:00+00:00,5,4.7
2024-12-04 00:00:00+00:00,9,5.1
2024-12-05 00:00:00+00:00,5,5.0
2024-12-06 00:00:00+00:00,5,5.1
2024-12-07 00:00:00+00:00,5,5.3
2024-12-08 00:00:00+00:00,5,5.4
2024-12-09 00:00:00+00:00,4,5.4
2024-12-10 00:00:00+00:00,3,5.1
2024-12-11 00:00:00+00:00,5,4.6
2024-12-12 00:00:00+00:00,2,4.1
2024-12-13 00:00:00+00:00,2,3.7
2024-12-14 00:00:00+00:00,2,3.3
2024-12-15 00:00:00+00:00,2,2.9
2024-12-16 00:00:00+00:00,2,2.6
2024-12-17 00:00:00+00:00,2,2.4
2024-12-18 00:00:00+00:00,2,2.0
2024-12-19 00:00:00+00:00,2,2.0
2024-12-20 00:00:00+00:00,2,2.0
2024-12-21 00:00:00+00:00,2,2.0
2024-12-22 00:00:00+00:00,5,2.4
2024-12-23 00:00:00+00:00,7,3.1
2024-12-24 00:00:00+00:00,6,3.7
2024-12-25 00:00:00+00:00,6,4.3
2024-12-26 00:00:00+00:00,3,4.4
2024-12-27 00:00:00+00:00,3,4.6
2024-12-28 00:00:00+00:00,3,4.7
2024-12-29 00:00:00+00:00,3,4.4
2024-12-30 00:00:00+00:00,5,4.1
2024-12-31 00:00:00+00:00,4,3.9
2025-01-01 00:00:00+00:00,3,3.4
2025-01-02 00:00:00+00:00,6,3.9
2025-01-03 00:00:00+00:00,4,4.0
2025-01-04 00:00:00+00:00,4,4.1
2025-01-05 00:00:00+00:00,3,4.1
2025-01-06 00:00:00+00:00,3,3.9
2025-01-07 00:00:00+00:00,5,4.0
2025-01-08 00:00:00+00:00,12,5.3
2025-01-09 00:00:00+00:00,9,5.7
2025-01-10 00:00:00+00:00,8,6.3
2025-01-11 00:00:00+00:00,12,7.4
2025-01-12 00:00:00+00:00,12,8.7
2025-01-13 00:00:00+00:00,15,10.4
2025-01-14 00:00:00+00:00,15,11.9
2025-01-15 00:00:00+00:00,16,12.4
2025-01-16 00:00:00+00:00,9,12.4
2025-01-17 00:00:00+00:00,9,12.6
2025-01-18 00:00:00+00:00,9,12.1
2025-01-19 00:00:00+00:00,9,11.7
2025-01-20 00:00:00+00:00,9,10.9
2025-01-21 00:00:00+00:00,13,10.6
2025-01-22 00:00:00+00:00,4,8.9
2025-01-23 00:00:00+00:00,3,8.0
2025-01-24 00:00:00+00:00,3,7.1
2025-01-25 00:00:00+00:00,3,6.3
2025-01-26 00:00:00+00:00,3,5.4
2025-01-27 00:00:00+00:00,4,4.7
2025-01-28 00:00:00+00:00,10,4.3
2025-01-29 00:00:00+00:00,9,5.0
2025-01-30 00:00:00+00:00,11,6.1
2025-01-31 00:00:00+00:00,5,6.4
2025-02-01 00:00:00+00:00,5,6.7
2025-02-02 00:00:00+00:00,6,7.1
2025-02-03 00:00:00+00:00,6,7.4
2025-02-04 00:00:00+00:00,6,6.9
2025-02-05 00:00:00+00:00,6,6.4
2025-02-06 00:00:00+00:00,6,5.7
2025-02-07 00:00:00+00:00,10,6.4
2025-02-08 00:00:00+00:00,10,7.1
2025-02-09 00:00:00+00:00,11,7.9
2025-02-10 00:00:00+00:00,12,8.7
2025-02-11 00:00:00+00:00,11,9.4
2025-02-12 00:00:00+00:00,14,10.6
2025-02-13 00:00:00+00:00,7,10.7
2025-02-14 00:00:00+00:00,16,11.6
2025-02-15 00:00:00+00:00,8,11.3
2025-02-16 00:00:00+00:00,13,11.6
2025-02-17 00:00:00+00:00,13,11.7
2025-02-18 00:00:00+00:00,24,13.6
2025-02-19 00:00:00+00:00,15,13.7
2025-02-20 00:00:00+00:00,8,13.9
2025-02-21 00:00:00+00:00,9,12.9
2025-02-22 00:00:00+00:00,10,13.1
2025-02-23 00:00:00+00:00,13,13.1
2025-02-24 00:00:00+00:00,16,13.6
2025-02-25 00:00:00+00:00,17,12.6
2025-02-26 00:00:00+00:00,15,12.6
2025-02-27 00:00:00+00:00,12,13.1
2025-02-28 00:00:00+00:00,7,12.9
2025-03-01 00:00:00+00:00,7,12.4
2025-03-02 00:00:00+00:00,7,11.6
2025-03-03 00:00:00+00:00,9,10.6
2025-03-04 00:00:00+00:00,10,9.6
2025-03-05 00:00:00+00:00,10,8.9
2025-03-06 00:00:00+00:00,9,8.4
2025-03-07 00:00:00+00:00,19,10.1
2025-03-08 00:00:00+00:00,19,11.9
2025-03-09 00:00:00+00:00,20,13.7
2025-03-10 00:00:00+00:00,20,15.3
2025-03-11 00:00:00+00:00,20,16.7
2025-03-12 00:00:00+00:00,28,19.3
2025-03-13 00:00:00+00:00,35,23.0
2025-03-14 00:00:00+00:00,44,26.6
2025-03-15 00:00:00+00:00,49,30.9
2025-03-16 00:00:00+00:00,47,34.7
2025-03-17 00:00:00+00:00,48,38.7
2025-03-18 00:00:00+00:00,50,43.0
2025-03-19 00:00:00+00:00,51,46.3
2025-03-20 00:00:00+00:00,50,48.4
2025-03-21 00:00:00+00:00,48,49.0
2025-03-22 00:00:00+00:00,51,49.3
2025-03-23 00:00:00+00:00,58,50.9
2025-03-24 00:00:00+00:00,63,53.0
2025-03-25 00:00:00+00:00,58,54.1
2025-03-26 00:00:00+00:00,48,53.7
2025-03-27 00:00:00+00:00,49,53.6
2025-03-28 00:00:00+00:00,54,54.4
2025-03-29 00:00:00+00:00,59,55.6
2025-03-30 00:00:00+00:00,61,56.0
2025-03-31 00:00:00+00:00,54,54.7
2025-04-01 00:00:00+00:00,52,53.9
2025-04-02 00:00:00+00:00,62,55.9
2025-04-03 00:00:00+00:00,58,57.1
2025-04-04 00:00:00+00:00,52,56.9
2025-04-05 00:00:00+00:00,49,55.4
2025-04-06 00:00:00+00:00,47,53.4
2025-04-07 00:00:00+00:00,50,52.9
2025-04-08 00:00:00+00:00,54,53.1
2025-04-09 00:00:00+00:00,55,52.1
2025-04-10 00:00:00+00:00,66,53.3
2025-04-11 00:00:00+00:00,70,55.9
2025-04-12 00:00:00+00:00,75,59.6
2025-04-13 00:00:00+00:00,77,63.9
2025-04-14 00:00:00+00:00,74,67.3
2025-04-15 00:00:00+00:00,78,70.7
2025-04-16 00:00:00+00:00,80,74.3
2025-04-17 00:00:00+00:00,78,76.0
2025-04-18 00:00:00+00:00,80,77.4
2025-04-19 00:00:00+00:00,92,79.9
2025-04-20 00:00:00+00:00,92,82.0
2025-04-21 00:00:00+00:00,93,84.7
2025-04-22 00:00:00+00:00,92,86.7
2025-04-23 00:00:00+00:00,102,89.9
2025-04-24 00:00:00+00:00,108,94.1
2025-04-25 00:00:00+00:00,103,97.4
2025-04-26 00:00:00+00:00,101,98.7
2025-04-27 00:00:00+00:00,101,100.0
2025-04-28 00:00:00+00:00,99,100.9
2025-04-29 00:00:00+00:00,94,101.1
2025-04-30 00:00:00+00:00,93,99.9
2025-05-01 00:00:00+00:00,91,97.4
2025-05-02 00:00:00+00:00,94,96.1
2025-05-03 00:00:00+00:00,94,95.1
2025-05-04 00:00:00+00:00,100,95.0
2025-05-05 00:00:00+00:00,97,94.7
2025-05-06 00:00:00+00:00,98,95.3
2025-05-07 00:00:00+00:00,94,95.4
2025-05-08 00:00:00+00:00,92,95.6
2025-05-09 00:00:00+00:00,102,96.7
2025-05-10 00:00:00+00:00,105,98.3
2025-05-11 00:00:00+00:00,108,99.4
2025-05-12 00:00:00+00:00,104,100.4
2025-05-13 00:00:00+00:00,111,102.3
2025-05-14 00:00:00+00:00,117,105.6
2025-05-15 00:00:00+00:00,115,108.9
2025-05-16 00:00:00+00:00,109,109.9
2025-05-17 00:00:00+00:00,111,110.7
2025-05-18 00:00:00+00:00,110,111.0
2025-05-19 00:00:00+00:00,104,111.0
2025-05-20 00:00:00+00:00,122,112.6
2025-05-21 00:00:00+00:00,117,112.6
2025-05-22 00:00:00+00:00,128,114.4
2025-05-23 00:00:00+00:00,132,117.7
2025-05-24 00:00:00+00:00,138,121.6
2025-05-25 00:00:00+00:00,137,125.4
2025-05-26 00:00:00+00:00,136,130.0
2025-05-27 00:00:00+00:00,130,131.1
2025-05-28 00:00:00+00:00,140,134.4
2025-05-29 00:00:00+00:00,147,137.1
2025-05-30 00:00:00+00:00,150,139.7
2025-05-31 00:00:00+00:00,160,142.9
2025-06-01 00:00:00+00:00,165,146.9
2025-06-02 00:00:00+00:00,170,151.7
2025-06-03 00:00:00+00:00,178,158.6
2025-06-04 00:00:00+00:00,192,166.0
2025-06-05 00:00:00+00:00,234,178.4
2025-06-06 00:00:00+00:00,274,196.1
2025-06-07 00:00:00+00:00,300,216.1
2025-06-08 00:00:00+00:00,306,236.3
2025-06-09 00:00:00+00:00,304,255.4
2025-06-10 00:00:00+00:00,303,273.3
2025-06-11 00:00:00+00:00,293,287.7
2025-06-12 00:00:00+00:00,303,297.6
2025-06-13 00:00:00+00:00,310,302.7
2025-06-14 00:00:00+00:00,327,306.6
2025-06-15 00:00:00+00:00,338,311.1
2025-06-16 00:00:00+00:00,348,317.4
2025-06-17 00:00:00+00:00,360,325.6
2025-06-18 00:00:00+00:00,347,333.3
2025-06-19 00:00:00+00:00,361,341.6
2025-06-20 00:00:00+00:00,355,348.0
2025-06-21 00:00:00+00:00,367,353.7
2025-06-22 00:00:00+00:00,371,358.4
2025-06-23 00:00:00+00:00,365,360.9
2025-06-24 00:00:00+00:00,375,363.0
2025-06-25 00:00:00+00:00,378,367.4
2025-06-26 00:00:00+00:00,373,369.1
2025-06-27 00:00:00+00:00,350,368.4
2025-06-28 00:00:00+00:00,346,365.4
2025-06-29 00:00:00+00:00,343,361.4
2025-06-30 00:00:00+00:00,325,355.7
2025-07-01 00:00:00+00:00,319,347.7
2025-07-02 00:00:00+00:00,300,336.6
2025-07-03 00:00:00+00:00,293,325.1
2025-07-04 00:00:00+00:00,288,316.3
2025-07-05 00:00:00+00:00,283,307.3
2025-07-06 00:00:00+00:00,281,298.4
2025-07-07 00:00:00+00:00,269,290.4
2025-07-08 00:00:00+00:00,266,282.9
2025-07-09 00:00:00+00:00,267,278.1
2025-07-10 00:00:00+00:00,249,271.9
2025-07-11 00:00:00+00:00,227,263.1
2025-07-12 00:00:00+00:00,223,254.6
2025-07-13 00:00:00+00:00,230,247.3
2025-07-14 00:00:00+00:00,238,242.9
2025-07-15 00:00:00+00:00,215,235.6
2025-07-16 00:00:00+00:00,218,228.6
2025-07-17 00:00:00+00:00,202,221.9
2025-07-18 00:00:00+00:00,190,216.6
2025-07-19 00:00:00+00:00,191,212.0
2025-07-20 00:00:00+00:00,197,207.3
2025-07-21 00:00:00+00:00,208,203.0
2025-07-22 00:00:00+00:00,204,201.4
2025-07-23 00:00:00+00:00,208,200.0
2025-07-24 00:00:00+00:00,189,198.1
2025-07-25 00:00:00+00:00,201,199.7
2025-07-26 00:00:00+00:00,203,201.4
2025-07-27 00:00:00+00:00,209,203.1
2025-07-28 00:00:00+00:00,224,205.4
2025-07-29 00:00:00+00:00,226,208.6
2025-07-30 00:00:00+00:00,233,212.1
2025-07-31 00:00:00+00:00,220,216.6
2025-08-01 00:00:00+00:00,223,219.7
2025-08-02 00:00:00+00:00,215,221.4
2025-08-03 00:00:00+00:00,216,222.4
2025-08-04 00:00:00+00:00,222,222.1
2025-08-05 00:00:00+00:00,222,221.6
2025-08-06 00:00:00+00:00,215,219.0
2025-08-07 00:00:00+00:00,192,215.0
2025-08-08 00:00:00+00:00,189,210.1
2025-08-09 00:00:00+00:00,192,206.9
2025-08-10 00:00:00+00:00,186,202.6
2025-08-11 00:00:00+00:00,180,196.6
2025-08-12 00:00:00+00:00,188,191.7
2025-08-13 00:00:00+00:00,183,187.1
2025-08-14 00:00:00+00:00,168,183.7
2025-08-15 00:00:00+00:00,185,183.1
2025-08-16 00:00:00+00:00,193,183.3
2025-08-17 00:00:00+00:00,185,183.1
2025-08-18 00:00:00+00:00,184,183.7
2025-08-19 00:00:00+00:00,193,184.4
2025-08-20 00:00:00+00:00,186,184.9
2025-08-21 00:00:00+00:00,175,185.9
2025-08-22 00:00:00+00:00,160,182.3
2025-08-23 00:00:00+00:00,166,178.4
2025-08-24 00:00:00+00:00,167,175.9
2025-08-25 00:00:00+00:00,164,173.0
2025-08-26 00:00:00+00:00,169,169.6
2025-08-27 00:00:00+00:00,180,168.7
2025-08-28 00:00:00+00:00,169,167.9
2025-08-29 00:00:00+00:00,172,169.6
2025-08-30 00:00:00+00:00,170,170.1
2025-08-31 00:00:00+00:00,183,172.4
2025-09-01 00:00:00+00:00,203,178.0
2025-09-02 00:00:00+00:00,200,182.4
2025-09-03 00:00:00+00:00,217,187.7
2025-09-04 00:00:00+00:00,210,193.6
2025-09-05 00:00:00+00:00,212,199.3
2025-09-06 00:00:00+00:00,221,206.6
2025-09-07 00:00:00+00:00,237,214.3
2025-09-08 00:00:00+00:00,246,220.4
2025-09-09 00:00:00+00:00,267,230.0
2025-09-10 00:00:00+00:00,264,236.7
2025-09-11 00:00:00+00:00,263,244.3
2025-09-12 00:00:00+00:00,277,253.6
2025-09-13 00:00:00+00:00,265,259.9
2025-09-14 00:00:00+00:00,267,264.1
2025-09-15 00:00:00+00:00,287,270.0
2025-09-16 00:00:00+00:00,291,273.4
2025-09-17 00:00:00+00:00,285,276.4
2025-09-18 00:00:00+00:00,280,278.9
2025-09-19 00:00:00+00:00,299,282.0
2025-09-20 00:00:00+00:00,294,286.1
2025-09-21 00:00:00+00:00,296,290.3
2025-09-22 00:00:00+00:00,305,292.9
2025-09-23 00:00:00+00:00,298,293.9
2025-09-24 00:00:00+00:00,289,294.4
2025-09-25 00:00:00+00:00,277,294.0
2025-09-26 00:00:00+00:00,263,288.9
2025-09-27 00:00:00+00:00,257,283.6
2025-09-28 00:00:00+00:00,255,277.7
2025-09-29 00:00:00+00:00,256,270.7
2025-09-30 00:00:00+00:00,246,263.3
2025-10-01 00:00:00+00:00,237,255.9
2025-10-02 00:00:00+00:00,218,247.4
2025-10-03 00:00:00+00:00,215,240.6
2025-10-04 00:00:00+00:00,208,233.6
2025-10-05 00:00:00+00:00,227,229.6
2025-10-06 00:00:00+00:00,229,225.7
2025-10-07 00:00:00+00:00,241,225.0
2025-10-08 00:00:00+00:00,248,226.6
2025-10-09 00:00:00+00:00,244,230.3
2025-10-10 00:00:00+00:00,252,235.6
2025-10-11 00:00:00+00:00,239,240.0
2025-10-12 00:00:00+00:00,256,244.1
2025-10-13 00:00:00+00:00,247,246.7
2025-10-14 00:00:00+00:00,247,247.6
2025-10-15 00:00:00+00:00,245,247.1
2025-10-16 00:00:00+00:00,229,245.0
2025-10-17 00:00:00+00:00,211,239.1
2025-10-18 00:00:00+00:00,209,234.9
2025-10-19 00:00:00+00:00,211,228.4
2025-10-20 00:00:00+00:00,218,224.3
2025-10-21 00:00:00+00:00,215,219.7
2025-10-22 00:00:00+00:00,210,214.7
2025-10-23 00:00:00+00:00,222,213.7
2025-10-24 00:00:00+00:00,230,216.4
2025-10-25 00:00:00+00:00,227,219.0
2025-10-26 00:00:00+00:00,221,220.4
2025-10-27 00:00:00+00:00,232,222.4
2025-10-28 00:00:00+00:00,239,225.9
2025-10-29 00:00:00+00:00,235,229.4
2025-10-30 00:00:00+00:00,213,228.1
2025-10-31 00:00:00+00:00,223,227.1
2025-11-01 00:00:00+00:00,225,226.9
2025-11-02 00:00:00+00:00,227,227.7
2025-11-03 00:00:00+00:00,234,228.0
2025-11-04 00:00:00+00:00,237,227.7
2025-11-05 00:00:00+00:00,236,227.9
2025-11-06 00:00:00+00:00,237,231.3
2025-11-07 00:00:00+00:00,222,231.1
2025-11-08 00:00:00+00:00,224,231.0
2025-11-09 00:00:00+00:00,225,230.7
2025-11-10 00:00:00+00:00,229,230.0
2025-11-11 00:00:00+00:00,224,228.1
2025-11-12 00:00:00+00:00,223,226.3
2025-11-13 00:00:00+00:00,209,222.3
2025-11-14 00:00:00+00:00,218,221.7
2025-11-15 00:00:00+00:00,225,221.9
2025-11-16 00:00:00+00:00,225,221.9
2025-11-17 00:00:00+00:00,236,222.9
2025-11-18 00:00:00+00:00,229,223.6
2025-11-19 00:00:00+00:00,239,225.9
2025-11-20 00:00:00+00:00,242,230.6
2025-11-21 00:00:00+00:00,247,234.7
2025-11-22 00:00:00+00:00,261,239.9
2025-11-23 00:00:00+00:00,264,245.4
2025-11-24 00:00:00+00:00,267,249.9
2025-11-25 00:00:00+00:00,268,255.4
2025-11-26 00:00:00+00:00,264,259.0
2025-11-27 00:00:00+00:00,263,262.0
2025-11-28 00:00:00+00:00,259,263.7
2025-11-29 00:00:00+00:00,260,263.6
2025-11-30 00:00:00+00:00,257,262.6
2025-12-01 00:00:00+00:00,262,261.9
2025-12-02 00:00:00+00:00,271,262.3
2025-12-03 00:00:00+00:00,268,262.9
2025-12-04 00:00:00+00:00,286,266.1
2025-12-05 00:00:00+00:00,292,270.9
2025-12-06 00:00:00+00:00,313,278.4
2025-12-07 00:00:00+00:00,313,286.4
2025-12-08 00:00:00+00:00,321,294.9
2025-12-09 00:00:00+00:00,331,303.4
2025-12-10 00:00:00+00:00,347,314.7
2025-12-11 00:00:00+00:00,349,323.7
2025-12-12 00:00:00+00:00,362,333.7
2025-12-13 00:00:00+00:00,391,344.9
2025-12-14 00:00:00+00:00,390,355.9
2025-12-15 00:00:00+00:00,392,366.0
2025-12-16 00:00:00+00:00,399,375.7
2025-12-17 00:00:00+00:00,413,385.1
2025-12-18 00:00:00+00:00,414,394.4
2025-12-19 00:00:00+00:00,422,403.0
2025-12-20 00:00:00+00:00,437,409.6
2025-12-21 00:00:00+00:00,434,415.9
2025-12-22 00:00:00+00:00,431,421.4
2025-12-23 00:00:00+00:00,451,428.9
2025-12-24 00:00:00+00:00,442,433.0
2025-12-25 00:00:00+00:00,453,438.6
2025-12-26 00:00:00+00:00,448,442.3
2025-12-27 00:00:00+00:00,436,442.1
2025-12-28 00:00:00+00:00,437,442.6
2025-12-29 00:00:00+00:00,443,444.3
2025-12-30 00:00:00+00:00,453,444.6
2025-12-31 00:00:00+00:00,466,448.0
2026-01-01 00:00:00+00:00,472,450.7
2026-01-02 00:00:00+00:00,465,453.1
2026-01-03 00:00:00+00:00,474,458.6
2026-01-04 00:00:00+00:00,477,464.3
2026-01-05 00:00:00+00:00,480,469.6
2026-01-06 00:00:00+00:00,485,474.1
2026-01-07 00:00:00+00:00,491,477.7
2026-01-08 00:00:00+00:00,505,482.4
2026-01-09 00:00:00+00:00,513,489.3
2026-01-10 00:00:00+00:00,521,496.0
2026-01-11 00:00:00+00:00,520,502.1
2026-01-12 00:00:00+00:00,511,506.6
2026-01-13 00:00:00+00:00,515,510.9
2026-01-14 00:00:00+00:00,530,516.4
2026-01-15 00:00:00+00:00,528,519.7
2026-01-16 00:00:00+00:00,530,522.1
2026-01-17 00:00:00+00:00,525,522.7
2026-01-18 00:00:00+00:00,492,518.7
2026-01-19 00:00:00+00:00,454,510.6
2026-01-20 00:00:00+00:00,455,502.0
2026-01-21 00:00:00+00:00,438,488.9
2026-01-22 00:00:00+00:00,441,476.4
2026-01-23 00:00:00+00:00,448,464.7
2026-01-24 00:00:00+00:00,454,454.6
2026-01-25 00:00:00+00:00,432,446.0
2026-01-26 00:00:00+00:00,430,442.6
2026-01-27 00:00:00+00:00,417,437.1
2026-01-28 00:00:00+00:00,436,436.9
2026-01-29 00:00:00+00:00,443,437.1
2026-01-30 00:00:00+00:00,429,434.4
2026-01-31 00:00:00+00:00,416,429.0
2026-02-01 00:00:00+00:00,415,426.6
2026-02-02 00:00:00+00:00,404,422.9
2026-02-03 00:00:00+00:00,397,420.0
2026-02-04 00:00:00+00:00,379,411.9
2026-02-05 00:00:00+00:00,348,398.3
2026-02-06 00:00:00+00:00,328,383.9
2026-02-07 00:00:00+00:00,322,370.4
2026-02-08 00:00:00+00:00,318,356.6
2026-02-09 00:00:00+00:00,311,343.3
2026-02-10 00:00:00+00:00,300,329.4
2026-02-11 00:00:00+00:00,265,313.1
2026-02-12 00:00:00+00:00,251,299.3
2026-02-13 00:00:00+00:00,249,288.0
2026-02-14 00:00:00+00:00,232,275.1
2026-02-15 00:00:00+00:00,234,263.1
2026-02-16 00:00:00+00:00,242,253.3
2026-02-17 00:00:00+00:00,243,245.1
2026-02-18 00:00:00+00:00,215,238.0
2026-02-19 00:00:00+00:00,199,230.6
2026-02-20 00:00:00+00:00,195,222.9
2026-02-21 00:00:00+00:00,179,215.3
2026-02-22 00:00:00+00:00,177,207.1
2026-02-23 00:00:00+00:00,177,197.9
2026-02-24 00:00:00+00:00,172,187.7
2026-02-25 00:00:00+00:00,166,180.7
2026-02-26 00:00:00+00:00,155,174.4
2026-02-27 00:00:00+00:00,146,167.4
2026-02-28 00:00:00+00:00,147,162.9
2026-03-01 00:00:00+00:00,136,157.0
2026-03-02 00:00:00+00:00,139,151.6
2026-03-03 00:00:00+00:00,131,145.7
2026-03-04 00:00:00+00:00,127,140.1
2026-03-05 00:00:00+00:00,115,134.4
2026-03-06 00:00:00+00:00,116,130.1
2026-03-07 00:00:00+00:00,106,124.3
2026-03-08 00:00:00+00:00,102,119.4
2026-03-09 00:00:00+00:00,95,113.1
2026-03-10 00:00:00+00:00,92,107.6
