aor_nam,arrests,Apprehension MonthYear
Atlanta,444,2023-09
Atlanta,557,2023-10
Atlanta,479,2023-11
Atlanta,401,2023-12
Atlanta,405,2024-01
Atlanta,458,2024-02
Atlanta,492,2024-03
Atlanta,496,2024-04
Atlanta,569,2024-05
Atlanta,458,2024-06
Atlanta,522,2024-07
Atlanta,519,2024-08
Atlanta,483,2024-09
Atlanta,570,2024-10
Atlanta,512,2024-11
Atlanta,483,2024-12
Atlanta,779,2025-01
Atlanta,1290,2025-02
Atlanta,1561,2025-03
Atlanta,1390,2025-04
Atlanta,1682,2025-05
Atlanta,1872,2025-06
Atlanta,1820,2025-07
Atlanta,1760,2025-08
Atlanta,2114,2025-09
Atlanta,906,2025-10
Baltimore,133,2023-09
Baltimore,102,2023-10
Baltimore,88,2023-11
Baltimore,76,2023-12
Baltimore,88,2024-01
Baltimore,110,2024-02
Baltimore,125,2024-03
Baltimore,128,2024-04
Baltimore,127,2024-05
Baltimore,113,2024-06
Baltimore,120,2024-07
Baltimore,120,2024-08
Baltimore,197,2024-09
Baltimore,145,2024-10
Baltimore,111,2024-11
Baltimore,90,2024-12
Baltimore,198,2025-01
Baltimore,282,2025-02
Baltimore,309,2025-03
Baltimore,231,2025-04
Baltimore,370,2025-05
Baltimore,461,2025-06
Baltimore,415,2025-07
Baltimore,276,2025-08
Baltimore,449,2025-09
Baltimore,187,2025-10
Boston,187,2023-09
Boston,241,2023-10
Boston,166,2023-11
Boston,172,2023-12
Boston,194,2024-01
Boston,218,2024-02
Boston,186,2024-03
Boston,243,2024-04
Boston,236,2024-05
Boston,180,2024-06
Boston,177,2024-07
Boston,160,2024-08
Boston,148,2024-09
Boston,162,2024-10
Boston,166,2024-11
Boston,182,2024-12
Boston,282,2025-01
Boston,428,2025-02
Boston,691,2025-03
Boston,337,2025-04
Boston,1529,2025-05
Boston,667,2025-06
Boston,515,2025-07
Boston,516,2025-08
Boston,1541,2025-09
Boston,272,2025-10
Buffalo,82,2023-09
Buffalo,98,2023-10
Buffalo,81,2023-11
Buffalo,57,2023-12
Buffalo,57,2024-01
Buffalo,71,2024-02
Buffalo,81,2024-03
Buffalo,77,2024-04
Buffalo,70,2024-05
Buffalo,53,2024-06
Buffalo,75,2024-07
Buffalo,52,2024-08
Buffalo,50,2024-09
Buffalo,71,2024-10
Buffalo,63,2024-11
Buffalo,61,2024-12
Buffalo,118,2025-01
Buffalo,172,2025-02
Buffalo,190,2025-03
Buffalo,148,2025-04
Buffalo,165,2025-05
Buffalo,329,2025-06
Buffalo,359,2025-07
Buffalo,327,2025-08
Buffalo,274,2025-09
Buffalo,164,2025-10
Chicago,600,2023-09
Chicago,746,2023-10
Chicago,709,2023-11
Chicago,616,2023-12
Chicago,752,2024-01
Chicago,711,2024-02
Chicago,785,2024-03
Chicago,834,2024-04
Chicago,884,2024-05
Chicago,642,2024-06
Chicago,671,2024-07
Chicago,691,2024-08
Chicago,806,2024-09
Chicago,813,2024-10
Chicago,598,2024-11
Chicago,546,2024-12
Chicago,663,2025-01
Chicago,1048,2025-02
Chicago,1188,2025-03
Chicago,1146,2025-04
Chicago,1370,2025-05
Chicago,1554,2025-06
Chicago,1361,2025-07
Chicago,1391,2025-08
Chicago,1904,2025-09
Chicago,1479,2025-10
Dallas,867,2023-09
Dallas,732,2023-10
Dallas,788,2023-11
Dallas,1086,2023-12
Dallas,695,2024-01
Dallas,817,2024-02
Dallas,834,2024-03
Dallas,861,2024-04
Dallas,896,2024-05
Dallas,723,2024-06
Dallas,913,2024-07
Dallas,950,2024-08
Dallas,827,2024-09
Dallas,908,2024-10
Dallas,804,2024-11
Dallas,754,2024-12
Dallas,1081,2025-01
Dallas,1527,2025-02
Dallas,1732,2025-03
Dallas,1642,2025-04
Dallas,1864,2025-05
Dallas,1927,2025-06
Dallas,1756,2025-07
Dallas,1904,2025-08
Dallas,2447,2025-09
Dallas,1440,2025-10
Denver,285,2023-09
Denver,290,2023-10
Denver,163,2023-11
Denver,103,2023-12
Denver,91,2024-01
Denver,117,2024-02
Denver,83,2024-03
Denver,125,2024-04
Denver,109,2024-05
Denver,100,2024-06
Denver,135,2024-07
Denver,122,2024-08
Denver,121,2024-09
Denver,117,2024-10
Denver,119,2024-11
Denver,164,2024-12
Denver,263,2025-01
Denver,328,2025-02
Denver,326,2025-03
Denver,459,2025-04
Denver,360,2025-05
Denver,587,2025-06
Denver,603,2025-07
Denver,449,2025-08
Denver,464,2025-09
Denver,224,2025-10
Detroit,188,2023-09
Detroit,208,2023-10
Detroit,217,2023-11
Detroit,182,2023-12
Detroit,190,2024-01
Detroit,206,2024-02
Detroit,179,2024-03
Detroit,202,2024-04
Detroit,150,2024-05
Detroit,139,2024-06
Detroit,185,2024-07
Detroit,158,2024-08
Detroit,137,2024-09
Detroit,188,2024-10
Detroit,136,2024-11
Detroit,128,2024-12
Detroit,214,2025-01
Detroit,340,2025-02
Detroit,406,2025-03
Detroit,506,2025-04
Detroit,467,2025-05
Detroit,730,2025-06
Detroit,698,2025-07
Detroit,628,2025-08
Detroit,708,2025-09
Detroit,421,2025-10
El Paso,394,2023-09
El Paso,120,2023-10
El Paso,111,2023-11
El Paso,112,2023-12
El Paso,114,2024-01
El Paso,123,2024-02
El Paso,148,2024-03
El Paso,168,2024-04
El Paso,157,2024-05
El Paso,138,2024-06
El Paso,173,2024-07
El Paso,158,2024-08
El Paso,138,2024-09
El Paso,135,2024-10
El Paso,151,2024-11
El Paso,177,2024-12
El Paso,219,2025-01
El Paso,253,2025-02
El Paso,259,2025-03
El Paso,245,2025-04
El Paso,308,2025-05
El Paso,710,2025-06
El Paso,753,2025-07
El Paso,1208,2025-08
El Paso,1180,2025-09
El Paso,648,2025-10
HQ,1,2024-05
HQ,2,2024-06
HQ,1,2024-08
HQ,3,2024-10
HQ,3,2024-11
HQ,1,2024-12
HQ,1,2025-01
HQ,3,2025-02
HQ,6,2025-03
HQ,2,2025-04
HQ,6,2025-05
HQ,5,2025-06
HQ,16,2025-07
HQ,18,2025-08
HQ,25,2025-09
HQ,4,2025-10
Harlingen,474,2023-09
Harlingen,485,2023-10
Harlingen,462,2023-11
Harlingen,556,2023-12
Harlingen,307,2024-01
Harlingen,438,2024-02
Harlingen,521,2024-03
Harlingen,299,2024-04
Harlingen,474,2024-05
Harlingen,514,2024-06
Harlingen,346,2024-07
Harlingen,400,2024-08
Harlingen,309,2024-09
Harlingen,469,2024-10
Harlingen,336,2024-11
Harlingen,405,2024-12
Harlingen,416,2025-01
Harlingen,575,2025-02
Harlingen,533,2025-03
Harlingen,519,2025-04
Harlingen,613,2025-05
Harlingen,731,2025-06
Harlingen,781,2025-07
Harlingen,884,2025-08
Harlingen,821,2025-09
Harlingen,490,2025-10
Houston,703,2023-09
Houston,791,2023-10
Houston,674,2023-11
Houston,1077,2023-12
Houston,680,2024-01
Houston,750,2024-02
Houston,840,2024-03
Houston,826,2024-04
Houston,844,2024-05
Houston,801,2024-06
Houston,796,2024-07
Houston,899,2024-08
Houston,829,2024-09
Houston,854,2024-10
Houston,820,2024-11
Houston,948,2024-12
Houston,1068,2025-01
Houston,1383,2025-02
Houston,1509,2025-03
Houston,1434,2025-04
Houston,1588,2025-05
Houston,2078,2025-06
Houston,1997,2025-07
Houston,2475,2025-08
Houston,2371,2025-09
Houston,1268,2025-10
Los Angeles,411,2023-09
Los Angeles,444,2023-10
Los Angeles,392,2023-11
Los Angeles,388,2023-12
Los Angeles,413,2024-01
Los Angeles,441,2024-02
Los Angeles,392,2024-03
Los Angeles,520,2024-04
Los Angeles,440,2024-05
Los Angeles,341,2024-06
Los Angeles,371,2024-07
Los Angeles,351,2024-08
Los Angeles,293,2024-09
Los Angeles,407,2024-10
Los Angeles,307,2024-11
Los Angeles,334,2024-12
Los Angeles,464,2025-01
Los Angeles,653,2025-02
Los Angeles,537,2025-03
Los Angeles,527,2025-04
Los Angeles,837,2025-05
Los Angeles,2264,2025-06
Los Angeles,1733,2025-07
Los Angeles,1174,2025-08
Los Angeles,1194,2025-09
Los Angeles,648,2025-10
Miami,601,2023-09
Miami,698,2023-10
Miami,639,2023-11
Miami,612,2023-12
Miami,698,2024-01
Miami,860,2024-02
Miami,898,2024-03
Miami,997,2024-04
Miami,1044,2024-05
Miami,823,2024-06
Miami,900,2024-07
Miami,854,2024-08
Miami,717,2024-09
Miami,795,2024-10
Miami,853,2024-11
Miami,822,2024-12
Miami,1420,2025-01
Miami,2096,2025-02
Miami,2262,2025-03
Miami,2267,2025-04
Miami,2506,2025-05
Miami,3188,2025-06
Miami,2306,2025-07
Miami,2588,2025-08
Miami,3338,2025-09
Miami,1414,2025-10
New Orleans,688,2023-09
New Orleans,709,2023-10
New Orleans,719,2023-11
New Orleans,611,2023-12
New Orleans,699,2024-01
New Orleans,802,2024-02
New Orleans,813,2024-03
New Orleans,897,2024-04
New Orleans,949,2024-05
New Orleans,818,2024-06
New Orleans,950,2024-07
New Orleans,952,2024-08
New Orleans,812,2024-09
New Orleans,1002,2024-10
New Orleans,832,2024-11
New Orleans,875,2024-12
New Orleans,1049,2025-01
New Orleans,1431,2025-02
New Orleans,1789,2025-03
New Orleans,1803,2025-04
New Orleans,1845,2025-05
New Orleans,1950,2025-06
New Orleans,1966,2025-07
New Orleans,2143,2025-08
New Orleans,2246,2025-09
New Orleans,1160,2025-10
New York City,548,2023-09
New York City,621,2023-10
New York City,599,2023-11
New York City,555,2023-12
New York City,470,2024-01
New York City,414,2024-02
New York City,416,2024-03
New York City,318,2024-04
New York City,277,2024-05
New York City,246,2024-06
New York City,260,2024-07
New York City,209,2024-08
New York City,157,2024-09
New York City,199,2024-10
New York City,161,2024-11
New York City,117,2024-12
New York City,178,2025-01
New York City,280,2025-02
New York City,234,2025-03
New York City,369,2025-04
New York City,393,2025-05
New York City,1010,2025-06
New York City,949,2025-07
New York City,726,2025-08
New York City,647,2025-09
New York City,314,2025-10
Newark,359,2023-09
Newark,337,2023-10
Newark,274,2023-11
Newark,301,2023-12
Newark,300,2024-01
Newark,338,2024-02
Newark,290,2024-03
Newark,361,2024-04
Newark,345,2024-05
Newark,292,2024-06
Newark,335,2024-07
Newark,351,2024-08
Newark,307,2024-09
Newark,355,2024-10
Newark,309,2024-11
Newark,323,2024-12
Newark,407,2025-01
Newark,513,2025-02
Newark,480,2025-03
Newark,411,2025-04
Newark,560,2025-05
Newark,868,2025-06
Newark,817,2025-07
Newark,831,2025-08
Newark,800,2025-09
Newark,403,2025-10
Philadelphia,203,2023-09
Philadelphia,147,2023-10
Philadelphia,164,2023-11
Philadelphia,139,2023-12
Philadelphia,155,2024-01
Philadelphia,174,2024-02
Philadelphia,169,2024-03
Philadelphia,208,2024-04
Philadelphia,188,2024-05
Philadelphia,161,2024-06
Philadelphia,195,2024-07
Philadelphia,156,2024-08
Philadelphia,165,2024-09
Philadelphia,192,2024-10
Philadelphia,180,2024-11
Philadelphia,217,2024-12
Philadelphia,354,2025-01
Philadelphia,502,2025-02
Philadelphia,566,2025-03
Philadelphia,443,2025-04
Philadelphia,551,2025-05
Philadelphia,909,2025-06
Philadelphia,789,2025-07
Philadelphia,658,2025-08
Philadelphia,943,2025-09
Philadelphia,495,2025-10
Phoenix,262,2023-09
Phoenix,281,2023-10
Phoenix,229,2023-11
Phoenix,239,2023-12
Phoenix,233,2024-01
Phoenix,241,2024-02
Phoenix,251,2024-03
Phoenix,314,2024-04
Phoenix,311,2024-05
Phoenix,230,2024-06
Phoenix,325,2024-07
Phoenix,301,2024-08
Phoenix,320,2024-09
Phoenix,296,2024-10
Phoenix,303,2024-11
Phoenix,320,2024-12
Phoenix,431,2025-01
Phoenix,526,2025-02
Phoenix,581,2025-03
Phoenix,522,2025-04
Phoenix,674,2025-05
Phoenix,916,2025-06
Phoenix,810,2025-07
Phoenix,944,2025-08
Phoenix,1007,2025-09
Phoenix,437,2025-10
Salt Lake City,214,2023-09
Salt Lake City,220,2023-10
Salt Lake City,249,2023-11
Salt Lake City,203,2023-12
Salt Lake City,198,2024-01
Salt Lake City,273,2024-02
Salt Lake City,269,2024-03
Salt Lake City,332,2024-04
Salt Lake City,319,2024-05
Salt Lake City,230,2024-06
Salt Lake City,256,2024-07
Salt Lake City,268,2024-08
Salt Lake City,225,2024-09
Salt Lake City,276,2024-10
Salt Lake City,215,2024-11
Salt Lake City,242,2024-12
Salt Lake City,401,2025-01
Salt Lake City,560,2025-02
Salt Lake City,545,2025-03
Salt Lake City,611,2025-04
Salt Lake City,736,2025-05
Salt Lake City,782,2025-06
Salt Lake City,764,2025-07
Salt Lake City,754,2025-08
Salt Lake City,722,2025-09
Salt Lake City,357,2025-10
San Antonio,710,2023-09
San Antonio,442,2023-10
San Antonio,477,2023-11
San Antonio,997,2023-12
San Antonio,537,2024-01
San Antonio,613,2024-02
San Antonio,586,2024-03
San Antonio,629,2024-04
San Antonio,561,2024-05
San Antonio,421,2024-06
San Antonio,515,2024-07
San Antonio,495,2024-08
San Antonio,463,2024-09
San Antonio,535,2024-10
San Antonio,434,2024-11
San Antonio,474,2024-12
San Antonio,625,2025-01
San Antonio,773,2025-02
San Antonio,835,2025-03
San Antonio,799,2025-04
San Antonio,1379,2025-05
San Antonio,1909,2025-06
San Antonio,1509,2025-07
San Antonio,1463,2025-08
San Antonio,1847,2025-09
San Antonio,831,2025-10
San Diego,70,2023-09
San Diego,43,2023-10
San Diego,62,2023-11
San Diego,42,2023-12
San Diego,58,2024-01
San Diego,88,2024-02
San Diego,112,2024-03
San Diego,68,2024-04
San Diego,54,2024-05
San Diego,47,2024-06
San Diego,55,2024-07
San Diego,41,2024-08
San Diego,36,2024-09
San Diego,57,2024-10
San Diego,53,2024-11
San Diego,33,2024-12
San Diego,165,2025-01
San Diego,89,2025-02
San Diego,111,2025-03
San Diego,90,2025-04
San Diego,290,2025-05
San Diego,610,2025-06
San Diego,655,2025-07
San Diego,858,2025-08
San Diego,1422,2025-09
San Diego,587,2025-10
San Francisco,196,2023-09
San Francisco,185,2023-10
San Francisco,182,2023-11
San Francisco,163,2023-12
San Francisco,195,2024-01
San Francisco,211,2024-02
San Francisco,210,2024-03
San Francisco,201,2024-04
San Francisco,209,2024-05
San Francisco,171,2024-06
San Francisco,190,2024-07
San Francisco,179,2024-08
San Francisco,164,2024-09
San Francisco,209,2024-10
San Francisco,133,2024-11
San Francisco,170,2024-12
San Francisco,264,2025-01
San Francisco,326,2025-02
San Francisco,367,2025-03
San Francisco,286,2025-04
San Francisco,376,2025-05
San Francisco,614,2025-06
San Francisco,611,2025-07
San Francisco,525,2025-08
San Francisco,764,2025-09
San Francisco,355,2025-10
Seattle,274,2023-09
Seattle,192,2023-10
Seattle,197,2023-11
Seattle,192,2023-12
Seattle,166,2024-01
Seattle,211,2024-02
Seattle,203,2024-03
Seattle,227,2024-04
Seattle,175,2024-05
Seattle,133,2024-06
Seattle,154,2024-07
Seattle,140,2024-08
Seattle,141,2024-09
Seattle,82,2024-10
Seattle,67,2024-11
Seattle,71,2024-12
Seattle,170,2025-01
Seattle,198,2025-02
Seattle,161,2025-03
Seattle,151,2025-04
Seattle,230,2025-05
Seattle,442,2025-06
Seattle,384,2025-07
Seattle,383,2025-08
Seattle,472,2025-09
Seattle,284,2025-10
St. Paul,230,2023-09
St. Paul,245,2023-10
St. Paul,229,2023-11
St. Paul,220,2023-12
St. Paul,210,2024-01
St. Paul,229,2024-02
St. Paul,191,2024-03
St. Paul,251,2024-04
St. Paul,247,2024-05
St. Paul,164,2024-06
St. Paul,218,2024-07
St. Paul,183,2024-08
St. Paul,170,2024-09
St. Paul,215,2024-10
St. Paul,170,2024-11
St. Paul,154,2024-12
St. Paul,325,2025-01
St. Paul,414,2025-02
St. Paul,371,2025-03
St. Paul,423,2025-04
St. Paul,602,2025-05
St. Paul,699,2025-06
St. Paul,565,2025-07
St. Paul,614,2025-08
St. Paul,667,2025-09
St. Paul,302,2025-10
Washington,143,2023-09
Washington,151,2023-10
Washington,132,2023-11
Washington,158,2023-12
Washington,150,2024-01
Washington,171,2024-02
Washington,155,2024-03
Washington,182,2024-04
Washington,154,2024-05
Washington,148,2024-06
Washington,186,2024-07
Washington,201,2024-08
Washington,174,2024-09
Washington,206,2024-10
Washington,187,2024-11
Washington,200,2024-12
Washington,329,2025-01
Washington,866,2025-02
Washington,746,2025-03
Washington,630,2025-04
Washington,708,2025-05
Washington,937,2025-06
Washington,897,2025-07
Washington,1363,2025-08
Washington,1420,2025-09
Washington,773,2025-10
