,Apprehension Date,Continent,arrests,week_rolling_avg
0,2024-10-01,Africa,9,
1,2024-10-01,Asia,16,
2,2024-10-01,Europe,2,
3,2024-10-01,North America,282,
4,2024-10-01,Oceania,2,
5,2024-10-01,South America,25,
6,2024-10-02,Africa,6,49.0
7,2024-10-02,Asia,13,49.0
8,2024-10-02,Europe,5,48.0
9,2024-10-02,North America,295,90.0
10,2024-10-02,Oceania,2,50.0
11,2024-10-02,South America,30,54.0
12,2024-10-03,Africa,3,51.0
13,2024-10-03,Asia,11,51.0
14,2024-10-03,Europe,3,50.0
15,2024-10-03,North America,276,89.0
16,2024-10-03,South America,35,51.0
17,2024-10-04,Africa,2,51.0
18,2024-10-04,Asia,8,48.0
19,2024-10-04,Europe,7,49.0
20,2024-10-04,North America,266,85.0
21,2024-10-04,South America,47,92.0
22,2024-10-05,Africa,1,52.0
23,2024-10-05,Asia,2,48.0
24,2024-10-05,Europe,1,47.0
25,2024-10-05,North America,47,53.0
26,2024-10-05,South America,15,54.0
27,2024-10-06,Africa,3,17.0
28,2024-10-06,North America,44,16.0
29,2024-10-06,South America,14,18.0
30,2024-10-07,Africa,1,18.0
31,2024-10-07,Asia,3,18.0
32,2024-10-07,Europe,8,13.0
33,2024-10-07,North America,258,47.0
34,2024-10-07,Oceania,2,47.0
35,2024-10-07,South America,49,48.0
36,2024-10-08,Africa,6,47.0
37,2024-10-08,Asia,9,48.0
38,2024-10-08,Europe,4,48.0
39,2024-10-08,North America,282,87.0
40,2024-10-08,South America,40,56.0
41,2024-10-09,Africa,8,57.0
42,2024-10-09,Asia,19,53.0
43,2024-10-09,Europe,7,53.0
44,2024-10-09,North America,275,91.0
45,2024-10-09,Oceania,2,90.0
46,2024-10-09,South America,40,56.0
47,2024-10-10,Africa,7,51.0
48,2024-10-10,Asia,11,52.0
49,2024-10-10,Europe,7,50.0
50,2024-10-10,North America,303,92.0
51,2024-10-10,South America,35,58.0
52,2024-10-11,Africa,4,58.0
53,2024-10-11,Asia,2,53.0
54,2024-10-11,Europe,10,53.0
55,2024-10-11,North America,355,102.0
56,2024-10-11,South America,26,105.0
57,2024-10-12,Europe,2,62.0
58,2024-10-12,North America,34,62.0
59,2024-10-12,South America,7,62.0
60,2024-10-13,Asia,1,62.0
61,2024-10-13,Europe,1,61.0
62,2024-10-13,North America,48,17.0
63,2024-10-13,South America,5,14.0
64,2024-10-14,Asia,2,14.0
65,2024-10-14,Europe,3,10.0
66,2024-10-14,North America,100,23.0
67,2024-10-14,South America,7,24.0
68,2024-10-15,Africa,5,24.0
69,2024-10-15,Asia,10,19.0
70,2024-10-15,Europe,8,19.0
71,2024-10-15,North America,296,61.0
72,2024-10-15,Oceania,1,61.0
73,2024-10-15,South America,39,52.0
74,2024-10-16,Africa,8,52.0
75,2024-10-16,Asia,12,53.0
76,2024-10-16,Europe,5,53.0
77,2024-10-16,North America,313,96.0
78,2024-10-16,Oceania,1,54.0
79,2024-10-16,South America,45,60.0
80,2024-10-17,Africa,6,56.0
81,2024-10-17,Asia,7,56.0
82,2024-10-17,Europe,4,54.0
83,2024-10-17,North America,303,97.0
84,2024-10-17,South America,40,58.0
85,2024-10-18,Africa,7,59.0
86,2024-10-18,Asia,13,54.0
87,2024-10-18,Europe,4,54.0
88,2024-10-18,North America,274,92.0
89,2024-10-18,South America,28,96.0
90,2024-10-19,Africa,1,52.0
91,2024-10-19,Europe,1,47.0
92,2024-10-19,North America,64,55.0
93,2024-10-19,South America,12,55.0
94,2024-10-20,Africa,1,54.0
95,2024-10-20,Asia,3,16.0
96,2024-10-20,Europe,1,12.0
97,2024-10-20,North America,49,19.0
98,2024-10-20,South America,3,19.0
99,2024-10-21,Africa,2,10.0
100,2024-10-21,Asia,8,10.0
101,2024-10-21,Europe,2,10.0
102,2024-10-21,North America,290,51.0
103,2024-10-21,South America,50,58.0
104,2024-10-22,Africa,2,51.0
105,2024-10-22,Asia,11,52.0
106,2024-10-22,Europe,6,53.0
107,2024-10-22,North America,288,93.0
108,2024-10-22,South America,43,99.0
109,2024-10-23,Africa,5,58.0
110,2024-10-23,Asia,5,51.0
111,2024-10-23,Europe,6,52.0
112,2024-10-23,North America,316,96.0
113,2024-10-23,South America,47,101.0
114,2024-10-24,Africa,3,61.0
115,2024-10-24,Asia,8,56.0
116,2024-10-24,Europe,6,56.0
117,2024-10-24,North America,272,94.0
118,2024-10-24,Oceania,2,93.0
119,2024-10-24,South America,44,55.0
120,2024-10-25,Africa,5,49.0
121,2024-10-25,Asia,12,50.0
122,2024-10-25,Europe,7,50.0
123,2024-10-25,North America,297,91.0
124,2024-10-25,South America,35,57.0
125,2024-10-26,Africa,1,57.0
126,2024-10-26,Asia,2,51.0
127,2024-10-26,North America,48,57.0
128,2024-10-26,South America,5,56.0
129,2024-10-27,Africa,1,56.0
130,2024-10-27,Europe,1,13.0
131,2024-10-27,North America,68,18.0
132,2024-10-27,South America,5,19.0
133,2024-10-28,Africa,5,19.0
134,2024-10-28,Asia,7,13.0
135,2024-10-28,Europe,3,13.0
136,2024-10-28,North America,274,52.0
137,2024-10-28,South America,35,57.0
138,2024-10-29,Africa,3,47.0
139,2024-10-29,Asia,18,49.0
140,2024-10-29,Europe,7,50.0
141,2024-10-29,North America,305,92.0
142,2024-10-29,Oceania,2,92.0
143,2024-10-29,South America,35,58.0
144,2024-10-30,Africa,5,54.0
145,2024-10-30,Asia,14,55.0
146,2024-10-30,Europe,4,53.0
147,2024-10-30,North America,323,98.0
148,2024-10-30,Oceania,2,55.0
149,2024-10-30,South America,43,61.0
150,2024-10-31,Africa,2,56.0
151,2024-10-31,Asia,14,57.0
152,2024-10-31,Europe,1,56.0
153,2024-10-31,North America,280,95.0
154,2024-10-31,Oceania,1,49.0
155,2024-10-31,South America,58,57.0
156,2024-11-01,Africa,1,51.0
157,2024-11-01,Asia,6,52.0
158,2024-11-01,Europe,3,50.0
159,2024-11-01,North America,284,90.0
160,2024-11-01,Oceania,1,51.0
161,2024-11-01,South America,39,56.0
162,2024-11-02,Africa,1,48.0
163,2024-11-02,Asia,1,48.0
164,2024-11-02,Europe,2,47.0
165,2024-11-02,North America,37,52.0
166,2024-11-02,South America,5,12.0
167,2024-11-03,North America,59,21.0
168,2024-11-03,South America,6,16.0
169,2024-11-04,Africa,5,16.0
170,2024-11-04,Asia,9,18.0
171,2024-11-04,Europe,6,18.0
172,2024-11-04,North America,261,50.0
173,2024-11-04,Oceania,1,50.0
174,2024-11-04,South America,49,48.0
175,2024-11-05,Africa,2,48.0
176,2024-11-05,Asia,9,48.0
177,2024-11-05,Europe,3,47.0
178,2024-11-05,North America,274,86.0
179,2024-11-05,South America,27,52.0
180,2024-11-06,Africa,4,53.0
181,2024-11-06,Asia,7,47.0
182,2024-11-06,Europe,6,47.0
183,2024-11-06,North America,308,90.0
184,2024-11-06,Oceania,2,90.0
185,2024-11-06,South America,43,57.0
186,2024-11-07,Africa,6,54.0
187,2024-11-07,Asia,5,54.0
188,2024-11-07,Europe,4,53.0
189,2024-11-07,North America,306,96.0
190,2024-11-07,South America,34,57.0
191,2024-11-08,Africa,7,58.0
192,2024-11-08,Asia,8,53.0
193,2024-11-08,Europe,5,53.0
194,2024-11-08,North America,343,101.0
195,2024-11-08,Oceania,1,101.0
196,2024-11-08,South America,33,62.0
197,2024-11-09,Europe,2,57.0
198,2024-11-09,North America,46,63.0
199,2024-11-09,South America,3,62.0
200,2024-11-10,Africa,1,61.0
201,2024-11-10,Europe,2,13.0
202,2024-11-10,North America,40,18.0
203,2024-11-10,South America,8,15.0
204,2024-11-11,Africa,3,15.0
205,2024-11-11,Asia,3,9.0
206,2024-11-11,North America,99,22.0
207,2024-11-11,South America,9,23.0
208,2024-11-12,Africa,8,24.0
209,2024-11-12,Asia,12,20.0
210,2024-11-12,Europe,3,20.0
211,2024-11-12,North America,307,63.0
212,2024-11-12,South America,37,68.0
213,2024-11-13,Africa,5,54.0
214,2024-11-13,Asia,12,55.0
215,2024-11-13,Europe,5,54.0
216,2024-11-13,North America,295,95.0
217,2024-11-13,Oceania,1,95.0
218,2024-11-13,South America,28,55.0
219,2024-11-14,Africa,1,50.0
220,2024-11-14,Asia,12,51.0
221,2024-11-14,Europe,8,50.0
222,2024-11-14,North America,317,95.0
223,2024-11-14,South America,42,58.0
224,2024-11-15,Africa,3,59.0
225,2024-11-15,Asia,5,55.0
226,2024-11-15,Europe,1,55.0
227,2024-11-15,North America,344,103.0
228,2024-11-15,Oceania,1,102.0
229,2024-11-15,South America,42,63.0
230,2024-11-16,Europe,1,57.0
231,2024-11-16,North America,45,63.0
232,2024-11-16,South America,10,63.0
233,2024-11-17,Africa,2,64.0
234,2024-11-17,Asia,2,15.0
235,2024-11-17,North America,49,22.0
236,2024-11-17,South America,10,17.0
237,2024-11-18,Africa,3,17.0
238,2024-11-18,Asia,14,13.0
239,2024-11-18,Europe,5,12.0
240,2024-11-18,North America,254,48.0
241,2024-11-18,Oceania,2,48.0
242,2024-11-18,South America,32,46.0
243,2024-11-19,Africa,3,45.0
244,2024-11-19,Asia,16,47.0
245,2024-11-19,Europe,8,46.0
246,2024-11-19,North America,285,86.0
247,2024-11-19,South America,56,57.0
248,2024-11-20,Africa,2,57.0
249,2024-11-20,Asia,9,54.0
250,2024-11-20,Europe,5,54.0
251,2024-11-20,North America,316,97.0
252,2024-11-20,Oceania,1,96.0
253,2024-11-20,South America,36,61.0
254,2024-11-21,Africa,1,53.0
255,2024-11-21,Asia,11,54.0
256,2024-11-21,Europe,5,54.0
257,2024-11-21,North America,353,103.0
258,2024-11-21,Oceania,1,58.0
259,2024-11-21,South America,61,67.0
260,2024-11-22,Africa,2,62.0
261,2024-11-22,Asia,15,64.0
262,2024-11-22,Europe,2,63.0
263,2024-11-22,North America,329,109.0
264,2024-11-22,Oceania,1,59.0
265,2024-11-22,South America,39,64.0
266,2024-11-23,Asia,5,56.0
267,2024-11-23,Europe,1,56.0
268,2024-11-23,North America,49,61.0
269,2024-11-23,South America,4,61.0
270,2024-11-24,Africa,1,14.0
271,2024-11-24,North America,50,21.0
272,2024-11-24,South America,7,17.0
273,2024-11-25,Africa,3,16.0
274,2024-11-25,Asia,10,18.0
275,2024-11-25,Europe,4,11.0
276,2024-11-25,North America,292,52.0
277,2024-11-25,South America,47,59.0
278,2024-11-26,Africa,3,52.0
279,2024-11-26,Asia,9,53.0
280,2024-11-26,Europe,9,53.0
281,2024-11-26,North America,291,94.0
282,2024-11-26,South America,42,99.0
283,2024-11-27,Africa,5,58.0
284,2024-11-27,Asia,3,52.0
285,2024-11-27,Europe,4,52.0
286,2024-11-27,North America,248,86.0
287,2024-11-27,Oceania,1,85.0
288,2024-11-27,South America,42,49.0
289,2024-11-28,Africa,1,43.0
290,2024-11-28,Asia,1,43.0
291,2024-11-28,Europe,3,43.0
292,2024-11-28,North America,40,48.0
293,2024-11-28,South America,3,13.0
294,2024-11-29,Africa,3,13.0
295,2024-11-29,Asia,7,8.0
296,2024-11-29,Europe,1,8.0
297,2024-11-29,North America,188,35.0
298,2024-11-29,South America,25,38.0
299,2024-11-30,Asia,1,33.0
300,2024-11-30,Europe,1,32.0
301,2024-11-30,North America,40,38.0
302,2024-11-30,South America,5,37.0
303,2024-12-01,North America,33,42.0
304,2024-12-01,South America,6,16.0
305,2024-12-02,Africa,2,13.0
306,2024-12-02,Asia,7,13.0
307,2024-12-02,Europe,7,14.0
308,2024-12-02,North America,244,43.0
309,2024-12-02,South America,37,48.0
310,2024-12-03,Africa,5,44.0
311,2024-12-03,Asia,14,45.0
312,2024-12-03,Europe,3,45.0
313,2024-12-03,North America,263,82.0
314,2024-12-03,Oceania,1,81.0
315,2024-12-03,South America,40,52.0
316,2024-12-04,Africa,3,47.0
317,2024-12-04,Asia,10,48.0
318,2024-12-04,Europe,5,46.0
319,2024-12-04,North America,317,91.0
320,2024-12-04,Oceania,1,54.0
321,2024-12-04,South America,43,60.0
322,2024-12-05,Africa,4,55.0
323,2024-12-05,Asia,5,55.0
324,2024-12-05,Europe,6,54.0
325,2024-12-05,North America,288,95.0
326,2024-12-05,Oceania,1,50.0
327,2024-12-05,South America,56,58.0
328,2024-12-06,Africa,5,52.0
329,2024-12-06,Asia,9,53.0
330,2024-12-06,Europe,7,53.0
331,2024-12-06,North America,322,98.0
332,2024-12-06,South America,40,63.0
333,2024-12-07,Africa,1,63.0
334,2024-12-07,Asia,1,55.0
335,2024-12-07,Europe,1,54.0
336,2024-12-07,North America,48,60.0
337,2024-12-07,South America,12,61.0
338,2024-12-08,North America,73,25.0
339,2024-12-08,South America,10,21.0
340,2024-12-09,Africa,2,21.0
341,2024-12-09,Asia,8,22.0
342,2024-12-09,Europe,8,23.0
343,2024-12-09,North America,282,56.0
344,2024-12-09,South America,42,61.0
345,2024-12-10,Africa,8,51.0
346,2024-12-10,Asia,8,51.0
347,2024-12-10,Europe,8,52.0
348,2024-12-10,North America,292,93.0
349,2024-12-10,South America,41,97.0
350,2024-12-11,Africa,2,57.0
351,2024-12-11,Asia,9,53.0
352,2024-12-11,Europe,1,52.0
353,2024-12-11,North America,292,92.0
354,2024-12-11,South America,45,97.0
355,2024-12-12,Africa,4,56.0
356,2024-12-12,Asia,5,51.0
357,2024-12-12,Europe,4,51.0
358,2024-12-12,North America,315,95.0
359,2024-12-12,Oceania,1,95.0
360,2024-12-12,South America,48,60.0
361,2024-12-13,Africa,3,54.0
362,2024-12-13,Asia,6,55.0
363,2024-12-13,Europe,5,55.0
364,2024-12-13,North America,310,98.0
365,2024-12-13,South America,42,59.0
366,2024-12-14,Asia,2,59.0
367,2024-12-14,North America,55,60.0
368,2024-12-14,South America,16,62.0
369,2024-12-15,Europe,1,62.0
370,2024-12-15,North America,59,69.0
371,2024-12-15,South America,6,26.0
372,2024-12-16,Africa,3,20.0
373,2024-12-16,Asia,8,21.0
374,2024-12-16,Europe,3,14.0
375,2024-12-16,North America,290,53.0
376,2024-12-16,Oceania,1,53.0
377,2024-12-16,South America,35,49.0
378,2024-12-17,Africa,1,49.0
379,2024-12-17,Asia,15,50.0
380,2024-12-17,Europe,3,50.0
381,2024-12-17,North America,348,99.0
382,2024-12-17,Oceania,3,58.0
383,2024-12-17,South America,58,66.0
384,2024-12-18,Africa,3,62.0
385,2024-12-18,Asia,11,63.0
386,2024-12-18,Europe,7,62.0
387,2024-12-18,North America,298,104.0
388,2024-12-18,Oceania,1,54.0
389,2024-12-18,South America,49,61.0
390,2024-12-19,Africa,3,53.0
391,2024-12-19,Asia,11,54.0
392,2024-12-19,Europe,3,53.0
393,2024-12-19,North America,371,105.0
394,2024-12-19,Oceania,1,63.0
395,2024-12-19,South America,52,70.0
396,2024-12-20,Africa,4,64.0
397,2024-12-20,Asia,9,64.0
398,2024-12-20,Europe,4,63.0
399,2024-12-20,North America,328,110.0
400,2024-12-20,Oceania,3,57.0
401,2024-12-20,South America,53,65.0
402,2024-12-21,North America,58,66.0
403,2024-12-21,South America,7,66.0
404,2024-12-22,Africa,1,65.0
405,2024-12-22,Asia,2,65.0
406,2024-12-22,Europe,2,18.0
407,2024-12-22,North America,62,26.0
408,2024-12-22,Oceania,1,19.0
409,2024-12-22,South America,9,12.0
410,2024-12-23,Africa,4,12.0
411,2024-12-23,Asia,8,13.0
412,2024-12-23,Europe,6,13.0
413,2024-12-23,North America,324,59.0
414,2024-12-23,South America,51,58.0
415,2024-12-24,Africa,1,58.0
416,2024-12-24,Asia,4,57.0
417,2024-12-24,Europe,3,57.0
418,2024-12-24,North America,105,71.0
419,2024-12-24,South America,15,72.0
420,2024-12-25,North America,28,30.0
421,2024-12-25,South America,6,23.0
422,2024-12-26,Africa,2,23.0
423,2024-12-26,Asia,7,24.0
424,2024-12-26,Europe,4,24.0
425,2024-12-26,North America,201,38.0
426,2024-12-26,South America,41,41.0
427,2024-12-27,Africa,4,38.0
428,2024-12-27,Asia,6,38.0
429,2024-12-27,Europe,2,38.0
430,2024-12-27,North America,197,65.0
431,2024-12-27,South America,27,68.0
432,2024-12-28,Africa,2,40.0
433,2024-12-28,Asia,2,34.0
434,2024-12-28,Europe,1,34.0
435,2024-12-28,North America,40,39.0
436,2024-12-28,South America,5,39.0
437,2024-12-29,Africa,1,11.0
438,2024-12-29,Asia,1,7.0
439,2024-12-29,North America,50,14.0
440,2024-12-29,South America,12,16.0
441,2024-12-30,Africa,4,16.0
442,2024-12-30,Asia,9,12.0
443,2024-12-30,Europe,6,12.0
444,2024-12-30,North America,211,42.0
445,2024-12-30,South America,37,47.0
446,2024-12-31,Africa,2,40.0
447,2024-12-31,Asia,10,40.0
448,2024-12-31,Europe,1,39.0
449,2024-12-31,North America,216,69.0
450,2024-12-31,South America,30,72.0
451,2025-01-01,Asia,2,43.0
452,2025-01-01,North America,45,44.0
453,2025-01-01,South America,10,45.0
454,2025-01-02,Africa,5,44.0
455,2025-01-02,Asia,6,45.0
456,2025-01-02,Europe,3,14.0
457,2025-01-02,North America,250,46.0
458,2025-01-02,South America,36,51.0
459,2025-01-03,Africa,5,45.0
460,2025-01-03,Asia,6,44.0
461,2025-01-03,Europe,7,45.0
462,2025-01-03,North America,225,76.0
463,2025-01-03,Oceania,1,76.0
464,2025-01-03,South America,31,44.0
465,2025-01-04,Asia,2,40.0
466,2025-01-04,North America,37,44.0
467,2025-01-04,South America,7,44.0
468,2025-01-05,North America,46,50.0
469,2025-01-05,South America,7,19.0
470,2025-01-06,Africa,8,20.0
471,2025-01-06,Asia,4,16.0
472,2025-01-06,Europe,1,16.0
473,2025-01-06,North America,217,41.0
474,2025-01-06,South America,37,46.0
475,2025-01-07,Africa,5,40.0
476,2025-01-07,Asia,3,39.0
477,2025-01-07,Europe,2,38.0
478,2025-01-07,North America,278,78.0
479,2025-01-07,South America,36,83.0
480,2025-01-08,Africa,7,53.0
481,2025-01-08,Asia,11,49.0
482,2025-01-08,Europe,6,49.0
483,2025-01-08,North America,322,95.0
484,2025-01-08,Oceania,1,94.0
485,2025-01-08,South America,36,60.0
486,2025-01-09,Asia,5,55.0
487,2025-01-09,Europe,1,55.0
488,2025-01-09,North America,125,71.0
489,2025-01-09,Oceania,1,70.0
490,2025-01-09,South America,34,29.0
491,2025-01-10,Africa,3,29.0
492,2025-01-10,Asia,5,25.0
493,2025-01-10,Europe,5,25.0
494,2025-01-10,North America,271,63.0
495,2025-01-10,Oceania,1,46.0
496,2025-01-10,South America,40,51.0
497,2025-01-11,Asia,1,47.0
498,2025-01-11,North America,54,54.0
499,2025-01-11,South America,4,54.0
500,2025-01-12,Europe,1,53.0
501,2025-01-12,North America,48,21.0
502,2025-01-12,South America,15,23.0
503,2025-01-13,Africa,8,19.0
504,2025-01-13,Asia,14,21.0
505,2025-01-13,Europe,1,13.0
506,2025-01-13,North America,295,55.0
507,2025-01-13,South America,58,63.0
508,2025-01-14,Africa,7,57.0
509,2025-01-14,Asia,10,56.0
510,2025-01-14,Europe,6,56.0
511,2025-01-14,North America,326,100.0
512,2025-01-14,Oceania,1,100.0
513,2025-01-14,South America,41,64.0
514,2025-01-15,Africa,9,57.0
515,2025-01-15,Asia,14,58.0
516,2025-01-15,Europe,12,58.0
517,2025-01-15,North America,283,98.0
518,2025-01-15,South America,61,60.0
519,2025-01-16,Africa,7,61.0
520,2025-01-16,Asia,22,58.0
521,2025-01-16,Europe,3,57.0
522,2025-01-16,North America,297,98.0
523,2025-01-16,South America,46,103.0
524,2025-01-17,Africa,3,63.0
525,2025-01-17,Asia,14,56.0
526,2025-01-17,Europe,6,56.0
527,2025-01-17,North America,309,97.0
528,2025-01-17,Oceania,1,97.0
529,2025-01-17,South America,44,60.0
530,2025-01-18,Africa,1,54.0
531,2025-01-18,Asia,3,54.0
532,2025-01-18,North America,59,60.0
533,2025-01-18,South America,3,60.0
534,2025-01-19,Asia,1,16.0
535,2025-01-19,Europe,2,16.0
536,2025-01-19,North America,66,19.0
537,2025-01-19,South America,6,20.0
538,2025-01-20,Africa,1,20.0
539,2025-01-20,Asia,7,12.0
540,2025-01-20,Europe,1,12.0
541,2025-01-20,North America,99,26.0
542,2025-01-20,South America,14,28.0
543,2025-01-21,Africa,9,20.0
544,2025-01-21,Asia,13,21.0
545,2025-01-21,Europe,6,21.0
546,2025-01-21,North America,247,56.0
547,2025-01-21,South America,37,61.0
548,2025-01-22,Africa,6,47.0
549,2025-01-22,Asia,9,47.0
550,2025-01-22,Europe,3,46.0
551,2025-01-22,North America,323,90.0
552,2025-01-22,Oceania,1,89.0
553,2025-01-22,South America,49,61.0
554,2025-01-23,Africa,4,56.0
555,2025-01-23,Asia,17,58.0
556,2025-01-23,Europe,4,57.0
557,2025-01-23,North America,365,109.0
558,2025-01-23,Oceania,3,63.0
559,2025-01-23,South America,58,71.0
560,2025-01-24,Africa,8,66.0
561,2025-01-24,Asia,10,66.0
562,2025-01-24,Europe,13,66.0
563,2025-01-24,North America,410,124.0
564,2025-01-24,Oceania,2,72.0
565,2025-01-24,South America,49,79.0
566,2025-01-25,Africa,5,71.0
567,2025-01-25,Asia,7,71.0
568,2025-01-25,Europe,2,70.0
569,2025-01-25,North America,175,93.0
570,2025-01-25,Oceania,2,35.0
571,2025-01-25,South America,11,36.0
572,2025-01-26,Africa,13,31.0
573,2025-01-26,Asia,55,38.0
574,2025-01-26,Europe,14,39.0
575,2025-01-26,North America,639,130.0
576,2025-01-26,Oceania,4,105.0
577,2025-01-26,South America,204,134.0
578,2025-01-27,Africa,11,134.0
579,2025-01-27,Asia,27,136.0
580,2025-01-27,Europe,8,130.0
581,2025-01-27,North America,618,216.0
582,2025-01-27,Oceania,3,125.0
583,2025-01-27,South America,142,145.0
584,2025-01-28,Africa,10,117.0
585,2025-01-28,Asia,55,123.0
586,2025-01-28,Europe,9,121.0
587,2025-01-28,North America,660,214.0
588,2025-01-28,Oceania,1,126.0
589,2025-01-28,South America,135,145.0
590,2025-01-29,Africa,13,126.0
591,2025-01-29,Asia,18,127.0
592,2025-01-29,Europe,11,121.0
593,2025-01-29,North America,631,210.0
594,2025-01-29,Oceania,3,116.0
595,2025-01-29,South America,156,138.0
596,2025-01-30,Africa,9,120.0
597,2025-01-30,Asia,20,121.0
598,2025-01-30,Europe,6,119.0
599,2025-01-30,North America,613,205.0
600,2025-01-30,Oceania,3,116.0
601,2025-01-30,South America,117,132.0
602,2025-01-31,Africa,4,110.0
603,2025-01-31,Asia,15,111.0
604,2025-01-31,Europe,9,110.0
605,2025-01-31,North America,574,191.0
606,2025-01-31,South America,120,120.0
607,2025-02-01,Africa,5,121.0
608,2025-02-01,Asia,12,106.0
609,2025-02-01,Europe,4,106.0
610,2025-02-01,North America,294,145.0
611,2025-02-01,Oceania,2,144.0
612,2025-02-01,South America,61,71.0
613,2025-02-02,Africa,3,54.0
614,2025-02-02,Asia,5,54.0
615,2025-02-02,Europe,1,53.0
616,2025-02-02,North America,219,84.0
617,2025-02-02,South America,42,48.0
618,2025-02-03,Africa,1,47.0
619,2025-02-03,Asia,33,43.0
620,2025-02-03,Europe,15,45.0
621,2025-02-03,North America,449,109.0
622,2025-02-03,Oceania,1,109.0
623,2025-02-03,South America,111,93.0
624,2025-02-04,Africa,11,89.0
625,2025-02-04,Asia,23,92.0
626,2025-02-04,Europe,12,89.0
627,2025-02-04,North America,568,168.0
628,2025-02-04,Oceania,1,104.0
629,2025-02-04,South America,104,119.0
630,2025-02-05,Africa,14,105.0
631,2025-02-05,Asia,24,107.0
632,2025-02-05,Europe,10,105.0
633,2025-02-05,North America,536,180.0
634,2025-02-05,Oceania,1,99.0
635,2025-02-05,South America,140,118.0
636,2025-02-06,Africa,12,105.0
637,2025-02-06,Asia,19,106.0
638,2025-02-06,Europe,11,104.0
639,2025-02-06,North America,479,171.0
640,2025-02-06,Oceania,2,95.0
641,2025-02-06,South America,103,109.0
642,2025-02-07,Africa,5,90.0
643,2025-02-07,Asia,17,91.0
644,2025-02-07,Europe,11,90.0
645,2025-02-07,North America,527,163.0
646,2025-02-07,South America,89,108.0
647,2025-02-08,Africa,4,108.0
648,2025-02-08,Asia,11,95.0
649,2025-02-08,Europe,8,95.0
650,2025-02-08,North America,262,130.0
651,2025-02-08,Oceania,2,129.0
652,2025-02-08,South America,66,63.0
653,2025-02-09,Africa,1,51.0
654,2025-02-09,Asia,2,50.0
655,2025-02-09,Europe,3,49.0
656,2025-02-09,North America,172,73.0
657,2025-02-09,South America,31,40.0
658,2025-02-10,Africa,12,41.0
659,2025-02-10,Asia,21,35.0
660,2025-02-10,Europe,2,35.0
661,2025-02-10,North America,503,106.0
662,2025-02-10,Oceania,1,106.0
663,2025-02-10,South America,106,97.0
664,2025-02-11,Africa,13,94.0
665,2025-02-11,Asia,14,94.0
666,2025-02-11,Europe,9,93.0
667,2025-02-11,North America,569,174.0
668,2025-02-11,Oceania,1,102.0
669,2025-02-11,South America,119,119.0
670,2025-02-12,Africa,12,105.0
671,2025-02-12,Asia,30,108.0
672,2025-02-12,Europe,14,108.0
673,2025-02-12,North America,464,173.0
674,2025-02-12,South America,115,108.0
675,2025-02-13,Africa,22,111.0
676,2025-02-13,Asia,21,97.0
677,2025-02-13,Europe,8,96.0
678,2025-02-13,North America,534,168.0
679,2025-02-13,Oceania,2,167.0
680,2025-02-13,South America,123,118.0
681,2025-02-14,Africa,13,103.0
682,2025-02-14,Asia,18,103.0
683,2025-02-14,Europe,11,101.0
684,2025-02-14,North America,556,180.0
685,2025-02-14,Oceania,1,103.0
686,2025-02-14,South America,99,117.0
687,2025-02-15,Africa,3,100.0
688,2025-02-15,Asia,15,100.0
689,2025-02-15,Europe,6,99.0
690,2025-02-15,North America,234,131.0
691,2025-02-15,South America,60,60.0
692,2025-02-16,Africa,4,60.0
693,2025-02-16,Asia,9,47.0
694,2025-02-16,Europe,2,47.0
695,2025-02-16,North America,176,70.0
696,2025-02-16,South America,43,75.0
697,2025-02-17,Africa,1,42.0
698,2025-02-17,Asia,10,35.0
699,2025-02-17,Europe,4,35.0
700,2025-02-17,North America,239,68.0
701,2025-02-17,Oceania,3,68.0
702,2025-02-17,South America,40,49.0
703,2025-02-18,Africa,16,45.0
704,2025-02-18,Asia,35,50.0
705,2025-02-18,Europe,8,49.0
706,2025-02-18,North America,548,127.0
707,2025-02-18,South America,141,113.0
708,2025-02-19,Africa,11,114.0
709,2025-02-19,Asia,36,114.0
710,2025-02-19,Europe,13,113.0
711,2025-02-19,North America,516,182.0
712,2025-02-19,Oceania,2,181.0
713,2025-02-19,South America,122,120.0
714,2025-02-20,Africa,16,102.0
715,2025-02-20,Asia,35,106.0
716,2025-02-20,Europe,10,102.0
717,2025-02-20,North America,574,182.0
718,2025-02-20,Oceania,2,109.0
719,2025-02-20,South America,118,125.0
720,2025-02-21,Africa,9,109.0
721,2025-02-21,Asia,25,110.0
722,2025-02-21,Europe,2,106.0
723,2025-02-21,North America,504,176.0
724,2025-02-21,Oceania,1,94.0
725,2025-02-21,South America,120,111.0
726,2025-02-22,Africa,5,95.0
727,2025-02-22,Asia,11,95.0
728,2025-02-22,Europe,9,93.0
729,2025-02-22,North America,231,126.0
730,2025-02-22,South America,52,61.0
731,2025-02-23,Africa,2,61.0
732,2025-02-23,Asia,6,45.0
733,2025-02-23,Europe,4,45.0
734,2025-02-23,North America,267,82.0
735,2025-02-23,South America,39,86.0
736,2025-02-24,Africa,12,55.0
737,2025-02-24,Asia,27,51.0
738,2025-02-24,Europe,9,52.0
739,2025-02-24,North America,581,134.0
740,2025-02-24,Oceania,1,134.0
741,2025-02-24,South America,105,111.0
742,2025-02-25,Africa,8,106.0
743,2025-02-25,Asia,51,112.0
744,2025-02-25,Europe,9,109.0
745,2025-02-25,North America,656,202.0
746,2025-02-25,Oceania,1,119.0
747,2025-02-25,South America,118,135.0
748,2025-02-26,Africa,21,123.0
749,2025-02-26,Asia,41,128.0
750,2025-02-26,Europe,15,123.0
751,2025-02-26,North America,620,210.0
752,2025-02-26,Oceania,2,117.0
753,2025-02-26,South America,141,137.0
754,2025-02-27,Africa,24,123.0
755,2025-02-27,Asia,28,124.0
756,2025-02-27,Europe,14,121.0
757,2025-02-27,North America,582,202.0
758,2025-02-27,Oceania,2,113.0
759,2025-02-27,South America,109,129.0
760,2025-02-28,Africa,25,112.0
761,2025-02-28,Asia,21,112.0
762,2025-02-28,Europe,4,108.0
763,2025-02-28,North America,554,185.0
764,2025-02-28,Oceania,2,102.0
765,2025-02-28,South America,87,115.0
766,2025-03-01,Africa,3,99.0
767,2025-03-01,Asia,9,97.0
768,2025-03-01,Europe,3,95.0
769,2025-03-01,North America,290,135.0
770,2025-03-01,Oceania,2,57.0
771,2025-03-01,South America,49,63.0
772,2025-03-02,Africa,3,51.0
773,2025-03-02,Asia,11,52.0
774,2025-03-02,Europe,6,52.0
775,2025-03-02,North America,245,87.0
776,2025-03-02,South America,38,51.0
777,2025-03-03,Africa,18,53.0
778,2025-03-03,Asia,29,50.0
779,2025-03-03,Europe,8,51.0
780,2025-03-03,North America,474,117.0
781,2025-03-03,Oceania,1,116.0
782,2025-03-03,South America,90,94.0
783,2025-03-04,Africa,5,89.0
784,2025-03-04,Asia,24,90.0
785,2025-03-04,Europe,11,88.0
786,2025-03-04,North America,631,177.0
787,2025-03-04,Oceania,2,109.0
788,2025-03-04,South America,107,124.0
789,2025-03-05,Africa,12,113.0
790,2025-03-05,Asia,25,116.0
791,2025-03-05,Europe,11,114.0
792,2025-03-05,North America,557,192.0
793,2025-03-05,Oceania,1,102.0
794,2025-03-05,South America,96,116.0
795,2025-03-06,Africa,13,102.0
796,2025-03-06,Asia,35,105.0
797,2025-03-06,Europe,13,104.0
798,2025-03-06,North America,591,187.0
799,2025-03-06,Oceania,1,107.0
800,2025-03-06,South America,104,122.0
801,2025-03-07,Africa,9,109.0
802,2025-03-07,Asia,16,110.0
803,2025-03-07,Europe,11,106.0
804,2025-03-07,North America,523,179.0
805,2025-03-07,Oceania,1,95.0
806,2025-03-07,South America,80,106.0
807,2025-03-08,Africa,6,92.0
808,2025-03-08,Asia,10,92.0
809,2025-03-08,Europe,1,90.0
810,2025-03-08,North America,267,127.0
811,2025-03-08,South America,33,57.0
812,2025-03-09,Africa,4,57.0
813,2025-03-09,Asia,14,48.0
814,2025-03-09,Europe,4,48.0
815,2025-03-09,North America,233,79.0
816,2025-03-09,South America,36,84.0
817,2025-03-10,Africa,10,48.0
818,2025-03-10,Asia,21,46.0
819,2025-03-10,Europe,16,48.0
820,2025-03-10,North America,487,115.0
821,2025-03-10,Oceania,1,115.0
822,2025-03-10,South America,102,96.0
823,2025-03-11,Africa,13,93.0
824,2025-03-11,Asia,33,96.0
825,2025-03-11,Europe,12,95.0
826,2025-03-11,North America,665,188.0
827,2025-03-11,South America,110,134.0
828,2025-03-12,Africa,12,135.0
829,2025-03-12,Asia,32,125.0
830,2025-03-12,Europe,10,125.0
831,2025-03-12,North America,620,209.0
832,2025-03-12,Oceania,4,208.0
833,2025-03-12,South America,93,126.0
834,2025-03-13,Africa,9,111.0
835,2025-03-13,Asia,30,114.0
836,2025-03-13,Europe,14,111.0
837,2025-03-13,North America,555,189.0
838,2025-03-13,Oceania,3,101.0
839,2025-03-13,South America,97,114.0
840,2025-03-14,Africa,6,102.0
841,2025-03-14,Asia,27,105.0
842,2025-03-14,Europe,16,103.0
843,2025-03-14,North America,489,170.0
844,2025-03-14,Oceania,2,91.0
845,2025-03-14,South America,115,107.0
846,2025-03-15,Africa,4,94.0
847,2025-03-15,Asia,3,94.0
848,2025-03-15,North America,229,123.0
849,2025-03-15,Oceania,1,120.0
850,2025-03-15,South America,42,57.0
851,2025-03-16,Africa,1,56.0
852,2025-03-16,Europe,1,40.0
853,2025-03-16,North America,184,66.0
854,2025-03-16,South America,53,73.0
855,2025-03-17,Africa,12,42.0
856,2025-03-17,Asia,19,45.0
857,2025-03-17,Europe,15,41.0
858,2025-03-17,North America,458,106.0
859,2025-03-17,South America,88,118.0
860,2025-03-18,Africa,12,94.0
861,2025-03-18,Asia,27,90.0
862,2025-03-18,Europe,10,90.0
863,2025-03-18,North America,634,178.0
864,2025-03-18,South America,127,194.0
865,2025-03-19,Africa,9,130.0
866,2025-03-19,Asia,23,120.0
867,2025-03-19,Europe,13,120.0
868,2025-03-19,North America,584,200.0
869,2025-03-19,Oceania,1,199.0
870,2025-03-19,South America,146,129.0
871,2025-03-20,Africa,14,113.0
872,2025-03-20,Asia,27,115.0
873,2025-03-20,Europe,17,115.0
874,2025-03-20,North America,529,188.0
875,2025-03-20,Oceania,1,105.0
876,2025-03-20,South America,139,125.0
877,2025-03-21,Africa,7,105.0
878,2025-03-21,Asia,27,107.0
879,2025-03-21,Europe,9,104.0
880,2025-03-21,North America,518,176.0
881,2025-03-21,Oceania,1,100.0
882,2025-03-21,South America,129,119.0
883,2025-03-22,Africa,2,99.0
884,2025-03-22,Asia,3,98.0
885,2025-03-22,Europe,8,96.0
886,2025-03-22,North America,234,128.0
887,2025-03-22,South America,56,62.0
888,2025-03-23,Africa,3,62.0
889,2025-03-23,Asia,6,45.0
890,2025-03-23,Europe,4,45.0
891,2025-03-23,North America,180,70.0
892,2025-03-23,South America,42,75.0
893,2025-03-24,Africa,11,43.0
894,2025-03-24,Asia,24,39.0
895,2025-03-24,Europe,7,39.0
896,2025-03-24,North America,478,107.0
897,2025-03-24,Oceania,2,106.0
898,2025-03-24,South America,91,94.0
899,2025-03-25,Africa,11,89.0
900,2025-03-25,Asia,26,91.0
901,2025-03-25,Europe,10,89.0
902,2025-03-25,North America,623,177.0
903,2025-03-25,Oceania,2,109.0
904,2025-03-25,South America,86,121.0
905,2025-03-26,Africa,12,110.0
906,2025-03-26,Asia,27,112.0
907,2025-03-26,Europe,11,110.0
908,2025-03-26,North America,588,193.0
909,2025-03-26,Oceania,1,104.0
910,2025-03-26,South America,150,125.0
911,2025-03-27,Africa,5,113.0
912,2025-03-27,Asia,25,115.0
913,2025-03-27,Europe,10,113.0
914,2025-03-27,North America,521,186.0
915,2025-03-27,Oceania,1,102.0
916,2025-03-27,South America,106,117.0
917,2025-03-28,Africa,12,97.0
918,2025-03-28,Asia,22,100.0
919,2025-03-28,Europe,12,98.0
920,2025-03-28,North America,530,172.0
921,2025-03-28,Oceania,1,98.0
922,2025-03-28,South America,83,109.0
923,2025-03-29,Africa,1,94.0
924,2025-03-29,Asia,5,93.0
925,2025-03-29,Europe,1,90.0
926,2025-03-29,North America,176,114.0
927,2025-03-29,South America,37,43.0
928,2025-03-30,Asia,2,44.0
929,2025-03-30,Europe,2,32.0
930,2025-03-30,North America,201,61.0
931,2025-03-30,South America,36,65.0
932,2025-03-31,Africa,11,66.0
933,2025-03-31,Asia,19,44.0
934,2025-03-31,Europe,15,41.0
935,2025-03-31,North America,462,107.0
936,2025-03-31,Oceania,1,106.0
937,2025-03-31,South America,85,90.0
938,2025-04-01,Africa,10,86.0
939,2025-04-01,Asia,22,88.0
940,2025-04-01,Europe,6,86.0
941,2025-04-01,North America,557,163.0
942,2025-04-01,Oceania,2,98.0
943,2025-04-01,South America,123,115.0
944,2025-04-02,Africa,9,104.0
945,2025-04-02,Asia,30,107.0
946,2025-04-02,Europe,9,105.0
947,2025-04-02,North America,529,180.0
948,2025-04-02,Oceania,2,101.0
949,2025-04-02,South America,123,118.0
950,2025-04-03,Africa,11,102.0
951,2025-04-03,Asia,20,103.0
952,2025-04-03,Europe,13,101.0
953,2025-04-03,North America,553,179.0
954,2025-04-03,Oceania,2,103.0
955,2025-04-03,South America,85,115.0
956,2025-04-04,Africa,7,99.0
957,2025-04-04,Asia,16,99.0
958,2025-04-04,Europe,11,98.0
959,2025-04-04,North America,523,171.0
960,2025-04-04,Oceania,1,92.0
961,2025-04-04,South America,88,104.0
962,2025-04-05,Asia,9,94.0
963,2025-04-05,Europe,6,93.0
964,2025-04-05,North America,201,120.0
965,2025-04-05,Oceania,1,118.0
966,2025-04-05,South America,40,49.0
967,2025-04-06,Africa,3,50.0
968,2025-04-06,Asia,2,37.0
969,2025-04-06,Europe,6,37.0
970,2025-04-06,North America,162,59.0
971,2025-04-06,South America,33,35.0
972,2025-04-07,Africa,11,37.0
973,2025-04-07,Asia,16,33.0
974,2025-04-07,Europe,9,34.0
975,2025-04-07,North America,469,101.0
976,2025-04-07,Oceania,2,100.0
977,2025-04-07,South America,91,90.0
978,2025-04-08,Africa,9,87.0
979,2025-04-08,Asia,21,88.0
980,2025-04-08,Europe,4,86.0
981,2025-04-08,North America,561,165.0
982,2025-04-08,Oceania,1,98.0
983,2025-04-08,South America,100,112.0
984,2025-04-09,Africa,10,101.0
985,2025-04-09,Asia,29,104.0
986,2025-04-09,Europe,5,101.0
987,2025-04-09,North America,555,180.0
988,2025-04-09,Oceania,1,100.0
989,2025-04-09,South America,139,120.0
990,2025-04-10,Africa,14,108.0
991,2025-04-10,Asia,22,109.0
992,2025-04-10,Europe,9,106.0
993,2025-04-10,North America,579,188.0
994,2025-04-10,Oceania,1,109.0
995,2025-04-10,South America,105,124.0
996,2025-04-11,Africa,8,105.0
997,2025-04-11,Asia,18,106.0
998,2025-04-11,Europe,9,104.0
999,2025-04-11,North America,543,180.0
1000,2025-04-11,South America,88,110.0
1001,2025-04-12,Africa,1,110.0
1002,2025-04-12,Asia,2,96.0
1003,2025-04-12,Europe,2,95.0
1004,2025-04-12,North America,178,118.0
1005,2025-04-12,South America,23,120.0
1006,2025-04-13,Africa,1,42.0
1007,2025-04-13,Asia,2,30.0
1008,2025-04-13,Europe,1,30.0
1009,2025-04-13,North America,173,54.0
1010,2025-04-13,South America,33,59.0
1011,2025-04-14,Africa,5,34.0
1012,2025-04-14,Asia,17,33.0
1013,2025-04-14,Europe,7,34.0
1014,2025-04-14,North America,471,101.0
1015,2025-04-14,South America,74,111.0
1016,2025-04-15,Africa,11,88.0
1017,2025-04-15,Asia,20,86.0
1018,2025-04-15,Europe,11,87.0
1019,2025-04-15,North America,543,162.0
1020,2025-04-15,Oceania,1,162.0
1021,2025-04-15,South America,99,108.0
1022,2025-04-16,Africa,9,99.0
1023,2025-04-16,Asia,32,102.0
1024,2025-04-16,Europe,10,101.0
1025,2025-04-16,North America,559,179.0
1026,2025-04-16,South America,85,114.0
1027,2025-04-17,Africa,8,115.0
1028,2025-04-17,Asia,34,105.0
1029,2025-04-17,Europe,17,106.0
1030,2025-04-17,North America,555,181.0
1031,2025-04-17,Oceania,1,180.0
1032,2025-04-17,South America,90,113.0
1033,2025-04-18,Africa,7,102.0
1034,2025-04-18,Asia,24,104.0
1035,2025-04-18,Europe,3,100.0
1036,2025-04-18,North America,502,169.0
1037,2025-04-18,South America,65,99.0
1038,2025-04-19,Africa,5,99.0
1039,2025-04-19,Asia,5,87.0
1040,2025-04-19,Europe,3,87.0
1041,2025-04-19,North America,170,108.0
1042,2025-04-19,South America,30,111.0
1043,2025-04-20,Asia,1,40.0
1044,2025-04-20,Europe,1,31.0
1045,2025-04-20,North America,110,46.0
1046,2025-04-20,South America,15,47.0
1047,2025-04-21,Africa,13,49.0
1048,2025-04-21,Asia,12,26.0
1049,2025-04-21,Europe,6,23.0
1050,2025-04-21,North America,535,99.0
1051,2025-04-21,Oceania,1,99.0
1052,2025-04-21,South America,100,97.0
1053,2025-04-22,Africa,6,96.0
1054,2025-04-22,Asia,21,97.0
1055,2025-04-22,Europe,6,96.0
1056,2025-04-22,North America,594,180.0
1057,2025-04-22,Oceania,1,104.0
1058,2025-04-22,South America,99,118.0
1059,2025-04-23,Africa,7,105.0
1060,2025-04-23,Asia,23,107.0
1061,2025-04-23,Europe,5,105.0
1062,2025-04-23,North America,641,196.0
1063,2025-04-23,Oceania,1,111.0
1064,2025-04-23,South America,105,126.0
1065,2025-04-24,Africa,9,113.0
1066,2025-04-24,Asia,28,116.0
1067,2025-04-24,Europe,7,114.0
1068,2025-04-24,North America,623,202.0
1069,2025-04-24,Oceania,1,111.0
1070,2025-04-24,South America,90,123.0
1071,2025-04-25,Africa,6,109.0
1072,2025-04-25,Asia,16,110.0
1073,2025-04-25,Europe,11,108.0
1074,2025-04-25,North America,553,186.0
1075,2025-04-25,Oceania,2,97.0
1076,2025-04-25,South America,84,109.0
1077,2025-04-26,Africa,2,96.0
1078,2025-04-26,Asia,9,97.0
1079,2025-04-26,Europe,3,95.0
1080,2025-04-26,North America,195,121.0
1081,2025-04-26,South America,28,46.0
1082,2025-04-27,Africa,3,46.0
1083,2025-04-27,Asia,3,35.0
1084,2025-04-27,Europe,1,35.0
1085,2025-04-27,North America,256,70.0
1086,2025-04-27,South America,30,74.0
1087,2025-04-28,Africa,6,47.0
1088,2025-04-28,Asia,25,46.0
1089,2025-04-28,Europe,6,47.0
1090,2025-04-28,North America,517,120.0
1091,2025-04-28,Oceania,1,120.0
1092,2025-04-28,South America,75,94.0
1093,2025-04-29,Africa,10,91.0
1094,2025-04-29,Asia,28,95.0
1095,2025-04-29,Europe,6,92.0
1096,2025-04-29,North America,551,170.0
1097,2025-04-29,South America,87,108.0
1098,2025-04-30,Africa,16,110.0
1099,2025-04-30,Asia,16,102.0
1100,2025-04-30,Europe,8,102.0
1101,2025-04-30,North America,550,176.0
1102,2025-04-30,South America,82,187.0
1103,2025-05-01,Africa,8,110.0
1104,2025-05-01,Asia,21,100.0
1105,2025-05-01,Europe,15,100.0
1106,2025-05-01,North America,569,179.0
1107,2025-05-01,South America,80,189.0
1108,2025-05-02,Africa,6,112.0
1109,2025-05-02,Asia,17,102.0
1110,2025-05-02,Europe,2,101.0
1111,2025-05-02,North America,496,169.0
1112,2025-05-02,Oceania,1,167.0
1113,2025-05-02,South America,70,96.0
1114,2025-05-03,Africa,4,85.0
1115,2025-05-03,Asia,9,86.0
1116,2025-05-03,Europe,4,84.0
1117,2025-05-03,North America,177,109.0
1118,2025-05-03,South America,20,41.0
1119,2025-05-04,Africa,4,41.0
1120,2025-05-04,Asia,13,33.0
1121,2025-05-04,Europe,3,33.0
1122,2025-05-04,North America,261,69.0
1123,2025-05-04,South America,53,76.0
1124,2025-05-05,Africa,9,52.0
1125,2025-05-05,Asia,27,53.0
1126,2025-05-05,Europe,7,53.0
1127,2025-05-05,North America,525,126.0
1128,2025-05-05,South America,106,141.0
1129,2025-05-06,Africa,12,106.0
1130,2025-05-06,Asia,22,101.0
1131,2025-05-06,Europe,10,101.0
1132,2025-05-06,North America,588,181.0
1133,2025-05-06,Oceania,1,181.0
1134,2025-05-06,South America,89,118.0
1135,2025-05-07,Africa,7,104.0
1136,2025-05-07,Asia,25,106.0
1137,2025-05-07,Europe,8,104.0
1138,2025-05-07,North America,619,191.0
1139,2025-05-07,Oceania,3,107.0
1140,2025-05-07,South America,106,122.0
1141,2025-05-08,Africa,14,112.0
1142,2025-05-08,Asia,29,115.0
1143,2025-05-08,Europe,9,113.0
1144,2025-05-08,North America,630,201.0
1145,2025-05-08,South America,127,131.0
1146,2025-05-09,Africa,7,132.0
1147,2025-05-09,Asia,23,120.0
1148,2025-05-09,Europe,9,119.0
1149,2025-05-09,North America,571,197.0
1150,2025-05-09,Oceania,1,195.0
1151,2025-05-09,South America,97,119.0
1152,2025-05-10,Africa,2,101.0
1153,2025-05-10,Asia,4,101.0
1154,2025-05-10,Europe,2,98.0
1155,2025-05-10,North America,271,135.0
1156,2025-05-10,South America,50,61.0
1157,2025-05-11,Africa,2,61.0
1158,2025-05-11,Asia,5,48.0
1159,2025-05-11,North America,177,73.0
1160,2025-05-11,South America,41,78.0
1161,2025-05-12,Africa,7,79.0
1162,2025-05-12,Asia,33,45.0
1163,2025-05-12,Europe,11,39.0
1164,2025-05-12,North America,557,119.0
1165,2025-05-12,South America,109,134.0
1166,2025-05-13,Africa,19,111.0
1167,2025-05-13,Asia,39,111.0
1168,2025-05-13,Europe,10,111.0
1169,2025-05-13,North America,642,198.0
1170,2025-05-13,Oceania,3,197.0
1171,2025-05-13,South America,106,133.0
1172,2025-05-14,Africa,9,118.0
1173,2025-05-14,Asia,28,120.0
1174,2025-05-14,Europe,11,116.0
1175,2025-05-14,North America,755,222.0
1176,2025-05-14,Oceania,1,130.0
1177,2025-05-14,South America,119,147.0
1178,2025-05-15,Africa,15,134.0
1179,2025-05-15,Asia,40,138.0
1180,2025-05-15,Europe,7,135.0
1181,2025-05-15,North America,645,226.0
1182,2025-05-15,Oceania,1,118.0
1183,2025-05-15,South America,141,138.0
1184,2025-05-16,Africa,9,123.0
1185,2025-05-16,Asia,26,124.0
1186,2025-05-16,Europe,10,120.0
1187,2025-05-16,North America,624,208.0
1188,2025-05-16,South America,118,133.0
1189,2025-05-17,Africa,5,133.0
1190,2025-05-17,Asia,9,114.0
1191,2025-05-17,Europe,9,114.0
1192,2025-05-17,North America,236,144.0
1193,2025-05-17,South America,56,151.0
1194,2025-05-18,Africa,4,62.0
1195,2025-05-18,Asia,5,46.0
1196,2025-05-18,Europe,5,46.0
1197,2025-05-18,North America,219,76.0
1198,2025-05-18,Oceania,1,75.0
1199,2025-05-18,South America,45,48.0
1200,2025-05-19,Africa,11,41.0
1201,2025-05-19,Asia,16,43.0
1202,2025-05-19,Europe,9,44.0
1203,2025-05-19,North America,561,123.0
1204,2025-05-19,South America,119,109.0
1205,2025-05-20,Africa,16,111.0
1206,2025-05-20,Asia,37,110.0
1207,2025-05-20,Europe,14,110.0
1208,2025-05-20,North America,721,211.0
1209,2025-05-20,Oceania,1,210.0
1210,2025-05-20,South America,155,152.0
1211,2025-05-21,Africa,14,137.0
1212,2025-05-21,Asia,30,139.0
1213,2025-05-21,Europe,10,135.0
1214,2025-05-21,North America,781,245.0
1215,2025-05-21,Oceania,1,142.0
1216,2025-05-21,South America,231,175.0
1217,2025-05-22,Africa,13,154.0
1218,2025-05-22,Asia,45,159.0
1219,2025-05-22,Europe,14,156.0
1220,2025-05-22,North America,728,259.0
1221,2025-05-22,South America,202,176.0
1222,2025-05-23,Africa,8,177.0
1223,2025-05-23,Asia,27,148.0
1224,2025-05-23,Europe,15,148.0
1225,2025-05-23,North America,639,233.0
1226,2025-05-23,South America,152,253.0
1227,2025-05-24,Africa,2,149.0
1228,2025-05-24,Asia,15,123.0
1229,2025-05-24,Europe,6,122.0
1230,2025-05-24,North America,350,168.0
1231,2025-05-24,South America,108,182.0
1232,2025-05-25,Africa,5,91.0
1233,2025-05-25,Asia,9,71.0
1234,2025-05-25,Europe,7,71.0
1235,2025-05-25,North America,322,115.0
1236,2025-05-25,South America,55,122.0
1237,2025-05-26,Africa,3,73.0
1238,2025-05-26,Asia,11,59.0
1239,2025-05-26,Europe,8,59.0
1240,2025-05-26,North America,356,109.0
1241,2025-05-26,South America,81,119.0
1242,2025-05-27,Africa,21,76.0
1243,2025-05-27,Asia,33,73.0
1244,2025-05-27,Europe,8,74.0
1245,2025-05-27,North America,647,165.0
1246,2025-05-27,Oceania,1,164.0
1247,2025-05-27,South America,214,144.0
1248,2025-05-28,Africa,20,135.0
1249,2025-05-28,Asia,41,138.0
1250,2025-05-28,Europe,11,135.0
1251,2025-05-28,North America,853,255.0
1252,2025-05-28,South America,285,204.0
1253,2025-05-29,Africa,32,208.0
1254,2025-05-29,Asia,57,186.0
1255,2025-05-29,Europe,20,186.0
1256,2025-05-29,North America,854,302.0
1257,2025-05-29,Oceania,2,300.0
1258,2025-05-29,South America,250,214.0
1259,2025-05-30,Africa,18,176.0
1260,2025-05-30,Asia,77,183.0
1261,2025-05-30,Europe,16,177.0
1262,2025-05-30,North America,679,271.0
1263,2025-05-30,South America,182,175.0
1264,2025-05-31,Africa,5,175.0
1265,2025-05-31,Asia,16,142.0
1266,2025-05-31,Europe,7,140.0
1267,2025-05-31,North America,358,180.0
1268,2025-05-31,South America,83,190.0
1269,2025-06-01,Africa,5,94.0
1270,2025-06-01,Asia,3,68.0
1271,2025-06-01,Europe,6,68.0
1272,2025-06-01,North America,406,124.0
1273,2025-06-01,South America,67,133.0
1274,2025-06-02,Africa,12,83.0
1275,2025-06-02,Asia,52,79.0
1276,2025-06-02,Europe,17,80.0
1277,2025-06-02,North America,730,184.0
1278,2025-06-02,South America,205,213.0
1279,2025-06-03,Africa,35,160.0
1280,2025-06-03,Asia,80,162.0
1281,2025-06-03,Europe,29,164.0
1282,2025-06-03,North America,1232,333.0
1283,2025-06-03,Oceania,1,330.0
1284,2025-06-03,South America,385,281.0
1285,2025-06-04,Africa,29,256.0
1286,2025-06-04,Asia,90,264.0
1287,2025-06-04,Europe,16,255.0
1288,2025-06-04,North America,1318,439.0
1289,2025-06-04,South America,413,322.0
1290,2025-06-05,Africa,19,324.0
1291,2025-06-05,Asia,52,277.0
1292,2025-06-05,Europe,10,274.0
1293,2025-06-05,North America,882,387.0
1294,2025-06-05,Oceania,1,385.0
1295,2025-06-05,South America,260,234.0
1296,2025-06-06,Africa,16,177.0
1297,2025-06-06,Asia,42,180.0
1298,2025-06-06,Europe,13,175.0
1299,2025-06-06,North America,803,288.0
1300,2025-06-06,South America,163,185.0
1301,2025-06-07,Africa,12,187.0
1302,2025-06-07,Asia,26,154.0
1303,2025-06-07,Europe,5,152.0
1304,2025-06-07,North America,460,212.0
1305,2025-06-07,South America,103,225.0
1306,2025-06-08,Africa,9,111.0
1307,2025-06-08,Asia,17,90.0
1308,2025-06-08,Europe,4,89.0
1309,2025-06-08,North America,385,140.0
1310,2025-06-08,South America,80,151.0
1311,2025-06-09,Africa,28,89.0
1312,2025-06-09,Asia,42,81.0
1313,2025-06-09,Europe,10,81.0
1314,2025-06-09,North America,756,186.0
1315,2025-06-09,South America,200,214.0
1316,2025-06-10,Africa,29,164.0
1317,2025-06-10,Asia,69,162.0
1318,2025-06-10,Europe,17,160.0
1319,2025-06-10,North America,969,293.0
1320,2025-06-10,Oceania,1,292.0
1321,2025-06-10,South America,226,216.0
1322,2025-06-11,Africa,18,190.0
1323,2025-06-11,Asia,66,195.0
1324,2025-06-11,Europe,11,187.0
1325,2025-06-11,North America,981,325.0
1326,2025-06-11,Oceania,1,186.0
1327,2025-06-11,South America,237,220.0
1328,2025-06-12,Africa,14,190.0
1329,2025-06-12,Asia,55,195.0
1330,2025-06-12,Europe,13,187.0
1331,2025-06-12,North America,898,314.0
1332,2025-06-12,South America,211,204.0
1333,2025-06-13,Africa,11,206.0
1334,2025-06-13,Asia,30,176.0
1335,2025-06-13,Europe,11,176.0
1336,2025-06-13,North America,759,276.0
1337,2025-06-13,South America,152,296.0
1338,2025-06-14,Africa,11,169.0
1339,2025-06-14,Asia,18,142.0
1340,2025-06-14,Europe,3,141.0
1341,2025-06-14,North America,424,197.0
1342,2025-06-14,Oceania,1,195.0
1343,2025-06-14,South America,68,97.0
1344,2025-06-15,Africa,5,76.0
1345,2025-06-15,Asia,12,76.0
1346,2025-06-15,North America,317,119.0
1347,2025-06-15,South America,59,127.0
1348,2025-06-16,Africa,19,69.0
1349,2025-06-16,Asia,33,73.0
1350,2025-06-16,Europe,15,66.0
1351,2025-06-16,North America,724,168.0
1352,2025-06-16,Oceania,2,167.0
1353,2025-06-16,South America,208,151.0
1354,2025-06-17,Africa,19,146.0
1355,2025-06-17,Asia,42,149.0
1356,2025-06-17,Europe,13,146.0
1357,2025-06-17,North America,1005,288.0
1358,2025-06-17,South America,192,212.0
1359,2025-06-18,Africa,13,213.0
1360,2025-06-18,Asia,48,190.0
1361,2025-06-18,Europe,11,189.0
1362,2025-06-18,North America,920,315.0
1363,2025-06-18,Oceania,1,313.0
1364,2025-06-18,South America,173,194.0
1365,2025-06-19,Africa,10,168.0
1366,2025-06-19,Asia,34,171.0
1367,2025-06-19,Europe,17,167.0
1368,2025-06-19,North America,704,266.0
1369,2025-06-19,Oceania,1,134.0
1370,2025-06-19,South America,81,146.0
1371,2025-06-20,Africa,20,124.0
1372,2025-06-20,Asia,37,128.0
1373,2025-06-20,Europe,11,124.0
1374,2025-06-20,North America,667,217.0
1375,2025-06-20,Oceania,2,117.0
1376,2025-06-20,South America,115,133.0
1377,2025-06-21,Africa,5,122.0
1378,2025-06-21,Asia,22,123.0
1379,2025-06-21,Europe,4,118.0
1380,2025-06-21,North America,395,173.0
1381,2025-06-21,South America,82,89.0
1382,2025-06-22,Africa,5,90.0
1383,2025-06-22,Asia,35,78.0
1384,2025-06-22,Europe,2,78.0
1385,2025-06-22,North America,342,124.0
1386,2025-06-22,Oceania,1,123.0
1387,2025-06-22,South America,77,78.0
1388,2025-06-23,Africa,12,68.0
1389,2025-06-23,Asia,102,82.0
1390,2025-06-23,Europe,7,78.0
1391,2025-06-23,North America,626,167.0
1392,2025-06-23,Oceania,2,118.0
1393,2025-06-23,South America,160,141.0
1394,2025-06-24,Africa,15,132.0
1395,2025-06-24,Asia,109,146.0
1396,2025-06-24,Europe,16,134.0
1397,2025-06-24,North America,817,249.0
1398,2025-06-24,Oceania,4,160.0
1399,2025-06-24,South America,193,188.0
1400,2025-06-25,Africa,22,168.0
1401,2025-06-25,Asia,65,175.0
1402,2025-06-25,Europe,11,161.0
1403,2025-06-25,North America,841,279.0
1404,2025-06-25,Oceania,1,162.0
1405,2025-06-25,South America,200,190.0
1406,2025-06-26,Africa,24,166.0
1407,2025-06-26,Asia,58,171.0
1408,2025-06-26,Europe,21,165.0
1409,2025-06-26,North America,793,277.0
1410,2025-06-26,Oceania,2,157.0
1411,2025-06-26,South America,178,182.0
1412,2025-06-27,Africa,13,156.0
1413,2025-06-27,Asia,55,160.0
1414,2025-06-27,Europe,12,153.0
1415,2025-06-27,North America,674,247.0
1416,2025-06-27,South America,108,149.0
1417,2025-06-28,Africa,5,149.0
1418,2025-06-28,Asia,24,127.0
1419,2025-06-28,Europe,3,126.0
1420,2025-06-28,North America,393,174.0
1421,2025-06-28,South America,59,181.0
1422,2025-06-29,Africa,4,85.0
1423,2025-06-29,Asia,16,72.0
1424,2025-06-29,Europe,1,71.0
1425,2025-06-29,North America,298,111.0
1426,2025-06-29,South America,46,117.0
1427,2025-06-30,Africa,9,62.0
1428,2025-06-30,Asia,45,60.0
1429,2025-06-30,Europe,9,61.0
1430,2025-06-30,North America,605,145.0
1431,2025-06-30,South America,107,160.0
1432,2025-07-01,Africa,24,121.0
1433,2025-07-01,Asia,51,121.0
1434,2025-07-01,Europe,14,122.0
1435,2025-07-01,North America,848,237.0
1436,2025-07-01,Oceania,2,236.0
1437,2025-07-01,South America,163,173.0
1438,2025-07-02,Africa,17,160.0
1439,2025-07-02,Asia,42,162.0
1440,2025-07-02,Europe,22,158.0
1441,2025-07-02,North America,771,266.0
1442,2025-07-02,Oceania,1,145.0
1443,2025-07-02,South America,171,170.0
1444,2025-07-03,Africa,23,150.0
1445,2025-07-03,Asia,35,152.0
1446,2025-07-03,Europe,11,148.0
1447,2025-07-03,North America,749,252.0
1448,2025-07-03,Oceania,2,142.0
1449,2025-07-03,South America,154,164.0
1450,2025-07-04,Africa,3,140.0
1451,2025-07-04,Asia,13,138.0
1452,2025-07-04,Europe,3,134.0
1453,2025-07-04,North America,295,174.0
1454,2025-07-04,South America,33,72.0
1455,2025-07-05,Africa,5,72.0
1456,2025-07-05,Asia,10,52.0
1457,2025-07-05,Europe,2,52.0
1458,2025-07-05,North America,313,94.0
1459,2025-07-05,South America,40,100.0
1460,2025-07-06,Africa,3,58.0
1461,2025-07-06,Asia,14,55.0
1462,2025-07-06,Europe,5,55.0
1463,2025-07-06,North America,268,92.0
1464,2025-07-06,South America,39,97.0
1465,2025-07-07,Africa,18,55.0
1466,2025-07-07,Asia,39,55.0
1467,2025-07-07,Europe,14,57.0
1468,2025-07-07,North America,576,137.0
1469,2025-07-07,South America,163,160.0
1470,2025-07-08,Africa,28,125.0
1471,2025-07-08,Asia,51,127.0
1472,2025-07-08,Europe,17,127.0
1473,2025-07-08,North America,805,236.0
1474,2025-07-08,Oceania,1,234.0
1475,2025-07-08,South America,172,177.0
1476,2025-07-09,Africa,21,156.0
1477,2025-07-09,Asia,50,160.0
1478,2025-07-09,Europe,21,155.0
1479,2025-07-09,North America,794,266.0
1480,2025-07-09,Oceania,2,152.0
1481,2025-07-09,South America,169,176.0
1482,2025-07-10,Africa,26,155.0
1483,2025-07-10,Asia,36,157.0
1484,2025-07-10,Europe,21,153.0
1485,2025-07-10,North America,849,271.0
1486,2025-07-10,Oceania,1,158.0
1487,2025-07-10,South America,163,181.0
1488,2025-07-11,Africa,20,159.0
1489,2025-07-11,Asia,35,161.0
1490,2025-07-11,Europe,15,158.0
1491,2025-07-11,North America,808,270.0
1492,2025-07-11,South America,120,166.0
1493,2025-07-12,Africa,6,167.0
1494,2025-07-12,Asia,23,147.0
1495,2025-07-12,Europe,7,145.0
1496,2025-07-12,North America,426,201.0
1497,2025-07-12,South America,76,209.0
1498,2025-07-13,Asia,11,96.0
1499,2025-07-13,Europe,2,79.0
1500,2025-07-13,North America,275,117.0
1501,2025-07-13,South America,34,119.0
1502,2025-07-14,Africa,18,120.0
1503,2025-07-14,Asia,34,64.0
1504,2025-07-14,Europe,9,55.0
1505,2025-07-14,North America,573,135.0
1506,2025-07-14,South America,158,157.0
1507,2025-07-15,Africa,19,121.0
1508,2025-07-15,Asia,53,123.0
1509,2025-07-15,Europe,15,123.0
1510,2025-07-15,North America,764,227.0
1511,2025-07-15,South America,169,250.0
1512,2025-07-16,Africa,18,171.0
1513,2025-07-16,Asia,34,153.0
1514,2025-07-16,Europe,9,152.0
1515,2025-07-16,North America,730,248.0
1516,2025-07-16,Oceania,2,247.0
1517,2025-07-16,South America,205,167.0
1518,2025-07-17,Africa,21,146.0
1519,2025-07-17,Asia,44,149.0
1520,2025-07-17,Europe,11,146.0
1521,2025-07-17,North America,725,248.0
1522,2025-07-17,South America,171,168.0
1523,2025-07-18,Africa,15,170.0
1524,2025-07-18,Asia,34,146.0
1525,2025-07-18,Europe,9,144.0
1526,2025-07-18,North America,650,231.0
1527,2025-07-18,Oceania,4,230.0
1528,2025-07-18,South America,144,147.0
1529,2025-07-19,Africa,2,123.0
1530,2025-07-19,Asia,15,123.0
1531,2025-07-19,Europe,2,118.0
1532,2025-07-19,North America,314,162.0
1533,2025-07-19,South America,47,75.0
1534,2025-07-20,Africa,2,75.0
1535,2025-07-20,Asia,14,57.0
1536,2025-07-20,Europe,4,57.0
1537,2025-07-20,North America,235,88.0
1538,2025-07-20,South America,36,93.0
1539,2025-07-21,Africa,23,52.0
1540,2025-07-21,Asia,48,52.0
1541,2025-07-21,Europe,18,54.0
1542,2025-07-21,North America,548,130.0
1543,2025-07-21,Oceania,4,130.0
1544,2025-07-21,South America,167,121.0
1545,2025-07-22,Africa,15,118.0
1546,2025-07-22,Asia,47,121.0
1547,2025-07-22,Europe,8,115.0
1548,2025-07-22,North America,729,217.0
1549,2025-07-22,South America,161,162.0
1550,2025-07-23,Africa,15,163.0
1551,2025-07-23,Asia,41,145.0
1552,2025-07-23,Europe,17,145.0
1553,2025-07-23,North America,797,253.0
1554,2025-07-23,South America,147,272.0
1555,2025-07-24,Africa,17,171.0
1556,2025-07-24,Asia,60,156.0
1557,2025-07-24,Europe,13,156.0
1558,2025-07-24,North America,758,258.0
1559,2025-07-24,Oceania,1,256.0
1560,2025-07-24,South America,165,166.0
1561,2025-07-25,Africa,6,146.0
1562,2025-07-25,Asia,38,149.0
1563,2025-07-25,Europe,14,142.0
1564,2025-07-25,North America,675,237.0
1565,2025-07-25,Oceania,1,129.0
1566,2025-07-25,South America,141,149.0
1567,2025-07-26,Africa,7,126.0
1568,2025-07-26,Asia,35,130.0
1569,2025-07-26,Europe,11,126.0
1570,2025-07-26,North America,432,186.0
1571,2025-07-26,South America,79,101.0
1572,2025-07-27,Africa,8,102.0
1573,2025-07-27,Asia,46,88.0
1574,2025-07-27,Europe,3,88.0
1575,2025-07-27,North America,347,132.0
1576,2025-07-27,South America,50,138.0
1577,2025-07-28,Africa,13,78.0
1578,2025-07-28,Asia,28,71.0
1579,2025-07-28,Europe,29,74.0
1580,2025-07-28,North America,626,157.0
1581,2025-07-28,Oceania,1,156.0
1582,2025-07-28,South America,138,126.0
1583,2025-07-29,Africa,14,121.0
1584,2025-07-29,Asia,47,126.0
1585,2025-07-29,Europe,14,124.0
1586,2025-07-29,North America,752,227.0
1587,2025-07-29,Oceania,1,138.0
1588,2025-07-29,South America,198,166.0
1589,2025-07-30,Africa,11,148.0
1590,2025-07-30,Asia,72,156.0
1591,2025-07-30,Europe,18,152.0
1592,2025-07-30,North America,855,272.0
1593,2025-07-30,South America,156,187.0
1594,2025-07-31,Africa,16,189.0
1595,2025-07-31,Asia,51,168.0
1596,2025-07-31,Europe,10,168.0
1597,2025-07-31,North America,804,273.0
1598,2025-07-31,South America,160,293.0
1599,2025-08-01,Africa,21,174.0
1600,2025-08-01,Asia,30,156.0
1601,2025-08-01,Europe,18,156.0
1602,2025-08-01,North America,708,250.0
1603,2025-08-01,South America,134,268.0
1604,2025-08-02,Africa,7,154.0
1605,2025-08-02,Asia,19,134.0
1606,2025-08-02,Europe,7,132.0
1607,2025-08-02,North America,443,191.0
1608,2025-08-02,South America,47,195.0
1609,2025-08-03,Africa,5,95.0
1610,2025-08-03,Asia,27,79.0
1611,2025-08-03,Europe,8,79.0
1612,2025-08-03,North America,331,124.0
1613,2025-08-03,Oceania,1,123.0
1614,2025-08-03,South America,43,66.0
1615,2025-08-04,Africa,8,60.0
1616,2025-08-04,Asia,43,66.0
1617,2025-08-04,Europe,7,63.0
1618,2025-08-04,North America,572,144.0
1619,2025-08-04,Oceania,1,96.0
1620,2025-08-04,South America,159,119.0
1621,2025-08-05,Africa,27,117.0
1622,2025-08-05,Asia,41,121.0
1623,2025-08-05,Europe,10,117.0
1624,2025-08-05,North America,900,244.0
1625,2025-08-05,Oceania,3,163.0
1626,2025-08-05,South America,173,188.0
1627,2025-08-06,Africa,24,168.0
1628,2025-08-06,Asia,56,172.0
1629,2025-08-06,Europe,21,170.0
1630,2025-08-06,North America,916,299.0
1631,2025-08-06,Oceania,4,171.0
1632,2025-08-06,South America,166,194.0
1633,2025-08-07,Africa,13,171.0
1634,2025-08-07,Asia,41,174.0
1635,2025-08-07,Europe,14,168.0
1636,2025-08-07,North America,801,279.0
1637,2025-08-07,Oceania,2,149.0
1638,2025-08-07,South America,158,171.0
1639,2025-08-08,Africa,18,150.0
1640,2025-08-08,Asia,35,153.0
1641,2025-08-08,Europe,15,149.0
1642,2025-08-08,North America,783,259.0
1643,2025-08-08,Oceania,1,145.0
1644,2025-08-08,South America,112,160.0
1645,2025-08-09,Africa,6,139.0
1646,2025-08-09,Asia,9,137.0
1647,2025-08-09,Europe,9,134.0
1648,2025-08-09,North America,376,185.0
1649,2025-08-09,South America,74,84.0
1650,2025-08-10,Africa,3,84.0
1651,2025-08-10,Asia,15,70.0
1652,2025-08-10,Europe,3,70.0
1653,2025-08-10,North America,347,118.0
1654,2025-08-10,South America,50,124.0
1655,2025-08-11,Africa,11,72.0
1656,2025-08-11,Asia,30,66.0
1657,2025-08-11,Europe,13,67.0
1658,2025-08-11,North America,667,160.0
1659,2025-08-11,South America,133,179.0
1660,2025-08-12,Africa,19,132.0
1661,2025-08-12,Asia,42,131.0
1662,2025-08-12,Europe,9,130.0
1663,2025-08-12,North America,857,249.0
1664,2025-08-12,South America,159,269.0
1665,2025-08-13,Africa,16,176.0
1666,2025-08-13,Asia,49,164.0
1667,2025-08-13,Europe,11,163.0
1668,2025-08-13,North America,818,274.0
1669,2025-08-13,Oceania,1,273.0
1670,2025-08-13,South America,124,168.0
1671,2025-08-14,Africa,17,148.0
1672,2025-08-14,Asia,48,153.0
1673,2025-08-14,Europe,15,148.0
1674,2025-08-14,North America,821,263.0
1675,2025-08-14,South America,139,166.0
1676,2025-08-15,Africa,13,168.0
1677,2025-08-15,Asia,34,155.0
1678,2025-08-15,Europe,15,155.0
1679,2025-08-15,North America,784,260.0
1680,2025-08-15,Oceania,1,258.0
1681,2025-08-15,South America,95,154.0
1682,2025-08-16,Africa,2,135.0
1683,2025-08-16,Asia,23,136.0
1684,2025-08-16,Europe,4,132.0
1685,2025-08-16,North America,450,194.0
1686,2025-08-16,South America,68,92.0
1687,2025-08-17,Africa,6,93.0
1688,2025-08-17,Asia,9,80.0
1689,2025-08-17,Europe,4,81.0
1690,2025-08-17,North America,378,131.0
1691,2025-08-17,South America,70,141.0
1692,2025-08-18,Africa,11,78.0
1693,2025-08-18,Asia,35,73.0
1694,2025-08-18,Europe,8,74.0
1695,2025-08-18,North America,642,164.0
1696,2025-08-18,Oceania,1,164.0
1697,2025-08-18,South America,134,129.0
1698,2025-08-19,Africa,12,120.0
1699,2025-08-19,Asia,45,125.0
1700,2025-08-19,Europe,16,123.0
1701,2025-08-19,North America,950,257.0
1702,2025-08-19,South America,170,190.0
1703,2025-08-20,Africa,21,193.0
1704,2025-08-20,Asia,61,182.0
1705,2025-08-20,Europe,9,182.0
1706,2025-08-20,North America,849,297.0
1707,2025-08-20,Oceania,1,294.0
1708,2025-08-20,South America,137,178.0
1709,2025-08-21,Africa,13,156.0
1710,2025-08-21,Asia,51,160.0
1711,2025-08-21,Europe,16,154.0
1712,2025-08-21,North America,949,288.0
1713,2025-08-21,Oceania,1,167.0
1714,2025-08-21,South America,126,185.0
1715,2025-08-22,Africa,16,167.0
1716,2025-08-22,Asia,32,170.0
1717,2025-08-22,Europe,16,165.0
1718,2025-08-22,North America,767,272.0
1719,2025-08-22,Oceania,1,137.0
1720,2025-08-22,South America,111,153.0
1721,2025-08-23,Africa,2,135.0
1722,2025-08-23,Asia,17,135.0
1723,2025-08-23,Europe,3,131.0
1724,2025-08-23,North America,523,203.0
1725,2025-08-23,Oceania,2,94.0
1726,2025-08-23,South America,90,107.0
1727,2025-08-24,Africa,4,92.0
1728,2025-08-24,Asia,16,94.0
1729,2025-08-24,Europe,6,92.0
1730,2025-08-24,North America,351,142.0
1731,2025-08-24,South America,58,75.0
1732,2025-08-25,Africa,10,76.0
1733,2025-08-25,Asia,45,70.0
1734,2025-08-25,Europe,7,70.0
1735,2025-08-25,North America,729,172.0
1736,2025-08-25,South America,124,189.0
1737,2025-08-26,Africa,15,141.0
1738,2025-08-26,Asia,58,141.0
1739,2025-08-26,Europe,8,141.0
1740,2025-08-26,North America,813,251.0
1741,2025-08-26,Oceania,1,250.0
1742,2025-08-26,South America,147,167.0
1743,2025-08-27,Africa,13,151.0
1744,2025-08-27,Asia,68,158.0
1745,2025-08-27,Europe,15,152.0
1746,2025-08-27,North America,861,274.0
1747,2025-08-27,Oceania,3,158.0
1748,2025-08-27,South America,145,179.0
1749,2025-08-28,Africa,10,159.0
1750,2025-08-28,Asia,59,166.0
1751,2025-08-28,Europe,9,157.0
1752,2025-08-28,North America,814,272.0
1753,2025-08-28,South America,123,166.0
1754,2025-08-29,Africa,15,168.0
1755,2025-08-29,Asia,48,154.0
1756,2025-08-29,Europe,13,154.0
1757,2025-08-29,North America,697,246.0
1758,2025-08-29,Oceania,1,244.0
1759,2025-08-29,South America,103,143.0
1760,2025-08-30,Africa,11,127.0
1761,2025-08-30,Asia,11,126.0
1762,2025-08-30,Europe,7,120.0
1763,2025-08-30,North America,355,169.0
1764,2025-08-30,South America,50,77.0
1765,2025-08-31,Africa,6,78.0
1766,2025-08-31,Asia,12,65.0
1767,2025-08-31,Europe,1,63.0
1768,2025-08-31,North America,333,109.0
1769,2025-08-31,South America,63,117.0
1770,2025-09-01,Africa,7,67.0
1771,2025-09-01,Asia,19,63.0
1772,2025-09-01,Europe,3,63.0
1773,2025-09-01,North America,387,116.0
1774,2025-09-01,South America,65,125.0
1775,2025-09-02,Africa,7,79.0
1776,2025-09-02,Asia,57,78.0
1777,2025-09-02,Europe,10,78.0
1778,2025-09-02,North America,752,183.0
1779,2025-09-02,South America,155,205.0
1780,2025-09-03,Africa,20,152.0
1781,2025-09-03,Asia,57,151.0
1782,2025-09-03,Europe,10,152.0
1783,2025-09-03,North America,886,270.0
1784,2025-09-03,South America,155,291.0
1785,2025-09-04,Africa,11,185.0
1786,2025-09-04,Asia,126,181.0
1787,2025-09-04,Europe,26,182.0
1788,2025-09-04,North America,973,312.0
1789,2025-09-04,South America,196,339.0
1790,2025-09-05,Africa,21,215.0
1791,2025-09-05,Asia,83,205.0
1792,2025-09-05,Europe,9,205.0
1793,2025-09-05,North America,822,304.0
1794,2025-09-05,South America,215,331.0
1795,2025-09-06,Africa,7,193.0
1796,2025-09-06,Asia,101,180.0
1797,2025-09-06,Europe,8,178.0
1798,2025-09-06,North America,434,228.0
1799,2025-09-06,South America,82,238.0
1800,2025-09-07,Africa,15,123.0
1801,2025-09-07,Asia,52,100.0
1802,2025-09-07,Europe,10,100.0
1803,2025-09-07,North America,397,143.0
1804,2025-09-07,South America,72,152.0
1805,2025-09-08,Africa,25,93.0
1806,2025-09-08,Asia,138,101.0
1807,2025-09-08,Europe,10,101.0
1808,2025-09-08,North America,707,194.0
1809,2025-09-08,Oceania,1,193.0
1810,2025-09-08,South America,159,159.0
1811,2025-09-09,Africa,33,153.0
1812,2025-09-09,Asia,52,157.0
1813,2025-09-09,Europe,22,141.0
1814,2025-09-09,North America,958,276.0
1815,2025-09-09,Oceania,1,175.0
1816,2025-09-09,South America,252,211.0
1817,2025-09-10,Africa,19,191.0
1818,2025-09-10,Asia,53,194.0
1819,2025-09-10,Europe,23,190.0
1820,2025-09-10,North America,978,326.0
1821,2025-09-10,Oceania,1,190.0
1822,2025-09-10,South America,201,218.0
1823,2025-09-11,Africa,26,186.0
1824,2025-09-11,Asia,55,191.0
1825,2025-09-11,Europe,21,186.0
1826,2025-09-11,North America,935,317.0
1827,2025-09-11,South America,196,205.0
1828,2025-09-12,Africa,10,206.0
1829,2025-09-12,Asia,48,184.0
1830,2025-09-12,Europe,17,183.0
1831,2025-09-12,North America,889,302.0
1832,2025-09-12,Oceania,2,300.0
1833,2025-09-12,South America,159,189.0
1834,2025-09-13,Africa,11,162.0
1835,2025-09-13,Asia,19,164.0
1836,2025-09-13,Europe,9,158.0
1837,2025-09-13,North America,477,224.0
1838,2025-09-13,South America,100,111.0
1839,2025-09-14,Africa,7,112.0
1840,2025-09-14,Asia,15,91.0
1841,2025-09-14,Europe,16,92.0
1842,2025-09-14,North America,429,150.0
1843,2025-09-14,South America,96,163.0
1844,2025-09-15,Africa,25,98.0
1845,2025-09-15,Asia,37,89.0
1846,2025-09-15,Europe,6,89.0
1847,2025-09-15,North America,814,203.0
1848,2025-09-15,South America,177,226.0
1849,2025-09-16,Africa,15,167.0
1850,2025-09-16,Asia,54,161.0
1851,2025-09-16,Europe,11,159.0
1852,2025-09-16,North America,919,285.0
1853,2025-09-16,South America,170,309.0
1854,2025-09-17,Africa,22,195.0
1855,2025-09-17,Asia,59,179.0
1856,2025-09-17,Europe,15,179.0
1857,2025-09-17,North America,1017,316.0
1858,2025-09-17,Oceania,1,315.0
1859,2025-09-17,South America,217,214.0
1860,2025-09-18,Africa,25,194.0
1861,2025-09-18,Asia,60,199.0
1862,2025-09-18,Europe,14,193.0
1863,2025-09-18,North America,981,331.0
1864,2025-09-18,Oceania,1,186.0
1865,2025-09-18,South America,209,215.0
1866,2025-09-19,Africa,15,186.0
1867,2025-09-19,Asia,62,192.0
1868,2025-09-19,Europe,19,186.0
1869,2025-09-19,North America,886,310.0
1870,2025-09-19,Oceania,2,171.0
1871,2025-09-19,South America,193,198.0
1872,2025-09-20,Africa,7,169.0
1873,2025-09-20,Asia,25,171.0
1874,2025-09-20,Europe,14,164.0
1875,2025-09-20,North America,487,231.0
1876,2025-09-20,South America,106,119.0
1877,2025-09-21,Africa,6,120.0
1878,2025-09-21,Asia,25,96.0
1879,2025-09-21,Europe,3,95.0
1880,2025-09-21,North America,432,153.0
1881,2025-09-21,South America,75,162.0
1882,2025-09-22,Africa,22,96.0
1883,2025-09-22,Asia,57,89.0
1884,2025-09-22,Europe,9,89.0
1885,2025-09-22,North America,835,205.0
1886,2025-09-22,South America,165,228.0
1887,2025-09-23,Africa,19,169.0
1888,2025-09-23,Asia,83,170.0
1889,2025-09-23,Europe,25,170.0
1890,2025-09-23,North America,1063,314.0
1891,2025-09-23,South America,219,344.0
1892,2025-09-24,Africa,21,228.0
1893,2025-09-24,Asia,84,216.0
1894,2025-09-24,Europe,18,216.0
1895,2025-09-24,North America,943,339.0
1896,2025-09-24,Oceania,1,336.0
1897,2025-09-24,South America,208,213.0
1898,2025-09-25,Africa,13,184.0
1899,2025-09-25,Asia,99,195.0
1900,2025-09-25,Europe,23,186.0
1901,2025-09-25,North America,967,322.0
1902,2025-09-25,South America,179,213.0
1903,2025-09-26,Africa,10,214.0
1904,2025-09-26,Asia,53,192.0
1905,2025-09-26,Europe,19,193.0
1906,2025-09-26,North America,883,305.0
1907,2025-09-26,Oceania,1,302.0
1908,2025-09-26,South America,153,185.0
1909,2025-09-27,Africa,9,161.0
1910,2025-09-27,Asia,22,163.0
1911,2025-09-27,Europe,13,157.0
1912,2025-09-27,North America,500,226.0
1913,2025-09-27,Oceania,1,100.0
1914,2025-09-27,South America,72,110.0
1915,2025-09-28,Africa,4,89.0
1916,2025-09-28,Asia,11,89.0
1917,2025-09-28,Europe,4,86.0
1918,2025-09-28,North America,471,152.0
1919,2025-09-28,South America,58,89.0
1920,2025-09-29,Africa,15,91.0
1921,2025-09-29,Asia,47,87.0
1922,2025-09-29,Europe,18,89.0
1923,2025-09-29,North America,814,204.0
1924,2025-09-29,Oceania,3,204.0
1925,2025-09-29,South America,159,159.0
1926,2025-09-30,Africa,18,153.0
1927,2025-09-30,Asia,82,163.0
1928,2025-09-30,Europe,20,159.0
1929,2025-09-30,North America,860,279.0
1930,2025-09-30,Oceania,2,163.0
1931,2025-09-30,South America,175,188.0
1932,2025-10-01,Africa,24,169.0
1933,2025-10-01,Asia,57,174.0
1934,2025-10-01,Europe,20,165.0
1935,2025-10-01,North America,971,301.0
1936,2025-10-01,Oceania,2,179.0
1937,2025-10-01,South America,215,209.0
1938,2025-10-02,Africa,28,188.0
1939,2025-10-02,Asia,55,193.0
1940,2025-10-02,Europe,25,188.0
1941,2025-10-02,North America,927,318.0
1942,2025-10-02,South America,193,206.0
1943,2025-10-03,Africa,19,209.0
1944,2025-10-03,Asia,48,185.0
1945,2025-10-03,Europe,17,183.0
1946,2025-10-03,North America,931,309.0
1947,2025-10-03,Oceania,1,305.0
1948,2025-10-03,South America,170,197.0
1949,2025-10-04,Africa,1,170.0
1950,2025-10-04,Asia,16,169.0
1951,2025-10-04,Europe,6,163.0
1952,2025-10-04,North America,495,231.0
1953,2025-10-04,South America,86,111.0
1954,2025-10-05,Africa,2,111.0
1955,2025-10-05,Asia,23,90.0
1956,2025-10-05,Europe,6,91.0
1957,2025-10-05,North America,440,151.0
1958,2025-10-05,South America,63,159.0
1959,2025-10-06,Africa,23,92.0
1960,2025-10-06,Asia,51,87.0
1961,2025-10-06,Europe,13,88.0
1962,2025-10-06,North America,731,190.0
1963,2025-10-06,Oceania,2,189.0
1964,2025-10-06,South America,155,148.0
1965,2025-10-07,Africa,21,142.0
1966,2025-10-07,Asia,48,146.0
1967,2025-10-07,Europe,20,141.0
1968,2025-10-07,North America,959,277.0
1969,2025-10-07,South America,212,202.0
1970,2025-10-08,Africa,22,205.0
1971,2025-10-08,Asia,65,192.0
1972,2025-10-08,Europe,29,194.0
1973,2025-10-08,North America,1024,333.0
1974,2025-10-08,South America,234,364.0
1975,2025-10-09,Africa,26,230.0
1976,2025-10-09,Asia,57,208.0
1977,2025-10-09,Europe,15,207.0
1978,2025-10-09,North America,932,331.0
1979,2025-10-09,Oceania,1,327.0
1980,2025-10-09,South America,178,206.0
1981,2025-10-10,Africa,12,174.0
1982,2025-10-10,Asia,66,180.0
1983,2025-10-10,Europe,16,174.0
1984,2025-10-10,North America,979,312.0
1985,2025-10-10,Oceania,1,179.0
1986,2025-10-10,South America,163,202.0
1987,2025-10-11,Africa,5,177.0
1988,2025-10-11,Asia,24,179.0
1989,2025-10-11,Europe,13,172.0
1990,2025-10-11,North America,401,227.0
1991,2025-10-11,South America,68,96.0
1992,2025-10-12,Africa,8,97.0
1993,2025-10-12,Asia,17,77.0
1994,2025-10-12,Europe,7,77.0
1995,2025-10-12,North America,400,131.0
1996,2025-10-12,South America,77,140.0
1997,2025-10-13,Africa,8,84.0
1998,2025-10-13,Asia,24,77.0
1999,2025-10-13,Europe,11,78.0
2000,2025-10-13,North America,535,152.0
2001,2025-10-13,Oceania,1,151.0
2002,2025-10-13,South America,92,107.0
2003,2025-10-14,Africa,34,101.0
2004,2025-10-14,Asia,82,111.0
2005,2025-10-14,Europe,18,110.0
2006,2025-10-14,North America,950,245.0
2007,2025-10-14,South America,205,197.0
2008,2025-10-15,Africa,20,200.0
2009,2025-10-15,Asia,74,198.0
2010,2025-10-15,Europe,13,195.0
2011,2025-10-15,North America,1105,341.0
2012,2025-10-15,Oceania,2,338.0
2013,2025-10-15,South America,246,238.0
2014,2025-10-16,Africa,29,213.0
2015,2025-10-16,Asia,66,219.0
2016,2025-10-16,Europe,27,213.0
2017,2025-10-16,North America,983,351.0
2018,2025-10-16,South America,169,217.0
2019,2025-10-17,Africa,31,222.0
2020,2025-10-17,Asia,83,198.0
2021,2025-10-17,Europe,8,195.0
2022,2025-10-17,North America,1016,331.0
2023,2025-10-17,South America,160,350.0
2024,2025-10-18,Africa,6,210.0
2025,2025-10-18,Asia,26,190.0
2026,2025-10-18,Europe,11,187.0
2027,2025-10-18,North America,423,236.0
2028,2025-10-18,South America,88,247.0
2029,2025-10-19,Africa,12,104.0
2030,2025-10-19,Asia,25,84.0
2031,2025-10-19,Europe,10,85.0
2032,2025-10-19,North America,435,143.0
2033,2025-10-19,South America,58,150.0
2034,2025-10-20,Africa,32,94.0
2035,2025-10-20,Asia,52,89.0
2036,2025-10-20,Europe,16,90.0
2037,2025-10-20,North America,868,210.0
2038,2025-10-20,South America,147,230.0
2039,2025-10-21,Africa,26,171.0
2040,2025-10-21,Asia,60,172.0
2041,2025-10-21,Europe,25,171.0
2042,2025-10-21,North America,1099,320.0
2043,2025-10-21,Oceania,2,318.0
2044,2025-10-21,South America,202,223.0
2045,2025-10-22,Africa,36,207.0
2046,2025-10-22,Asia,65,213.0
2047,2025-10-22,Europe,30,208.0
2048,2025-10-22,North America,1076,359.0
2049,2025-10-22,Oceania,2,202.0
2050,2025-10-22,South America,225,234.0
2051,2025-10-23,Africa,32,209.0
2052,2025-10-23,Asia,73,215.0
2053,2025-10-23,Europe,21,208.0
2054,2025-10-23,North America,1025,351.0
2055,2025-10-23,Oceania,1,197.0
2056,2025-10-23,South America,217,228.0
2057,2025-10-24,Africa,27,199.0
2058,2025-10-24,Asia,53,202.0
2059,2025-10-24,Europe,18,195.0
2060,2025-10-24,North America,968,330.0
2061,2025-10-24,Oceania,1,184.0
2062,2025-10-24,South America,215,214.0
2063,2025-10-25,Africa,9,184.0
2064,2025-10-25,Asia,42,187.0
2065,2025-10-25,Europe,9,180.0
2066,2025-10-25,North America,695,277.0
2067,2025-10-25,Oceania,1,139.0
2068,2025-10-25,South America,142,159.0
2069,2025-10-26,Africa,8,129.0
2070,2025-10-26,Asia,26,132.0
2071,2025-10-26,Europe,9,127.0
2072,2025-10-26,North America,613,213.0
2073,2025-10-26,Oceania,1,114.0
2074,2025-10-26,South America,135,133.0
2075,2025-10-27,Africa,26,117.0
2076,2025-10-27,Asia,71,126.0
2077,2025-10-27,Europe,20,125.0
2078,2025-10-27,North America,930,257.0
2079,2025-10-27,South America,201,198.0
2080,2025-10-28,Africa,25,201.0
2081,2025-10-28,Asia,74,192.0
2082,2025-10-28,Europe,20,192.0
2083,2025-10-28,North America,1143,345.0
2084,2025-10-28,Oceania,1,342.0
2085,2025-10-28,South America,228,242.0
2086,2025-10-29,Africa,22,216.0
2087,2025-10-29,Asia,88,225.0
2088,2025-10-29,Europe,18,217.0
2089,2025-10-29,North America,1275,396.0
2090,2025-10-29,Oceania,1,233.0
2091,2025-10-29,South America,258,270.0
2092,2025-10-30,Africa,31,242.0
2093,2025-10-30,Asia,87,251.0
2094,2025-10-30,Europe,21,242.0
2095,2025-10-30,North America,1256,418.0
2096,2025-10-30,Oceania,2,237.0
2097,2025-10-30,South America,209,266.0
2098,2025-10-31,Africa,23,233.0
2099,2025-10-31,Asia,49,235.0
2100,2025-10-31,Europe,22,226.0
2101,2025-10-31,North America,963,361.0
2102,2025-10-31,Oceania,2,181.0
2103,2025-10-31,South America,134,200.0
2104,2025-11-01,Africa,14,172.0
2105,2025-11-01,Asia,27,173.0
2106,2025-11-01,Europe,10,167.0
2107,2025-11-01,North America,670,260.0
2108,2025-11-01,Oceania,1,123.0
2109,2025-11-01,South America,115,139.0
2110,2025-11-02,Africa,9,121.0
2111,2025-11-02,Asia,17,121.0
2112,2025-11-02,Europe,8,119.0
2113,2025-11-02,North America,642,209.0
2114,2025-11-02,Oceania,1,113.0
2115,2025-11-02,South America,98,127.0
2116,2025-11-03,Africa,32,115.0
2117,2025-11-03,Asia,52,121.0
2118,2025-11-03,Europe,12,121.0
2119,2025-11-03,North America,959,257.0
2120,2025-11-03,South America,145,186.0
2121,2025-11-04,Africa,46,192.0
2122,2025-11-04,Asia,69,188.0
2123,2025-11-04,Europe,32,188.0
2124,2025-11-04,North America,1138,343.0
2125,2025-11-04,South America,207,371.0
2126,2025-11-05,Africa,33,239.0
2127,2025-11-05,Asia,70,228.0
2128,2025-11-05,Europe,23,225.0
2129,2025-11-05,North America,1185,384.0
2130,2025-11-05,Oceania,1,380.0
2131,2025-11-05,South America,261,254.0
2132,2025-11-06,Africa,26,228.0
2133,2025-11-06,Asia,84,236.0
2134,2025-11-06,Europe,19,228.0
2135,2025-11-06,North America,1090,381.0
2136,2025-11-06,Oceania,2,212.0
2137,2025-11-06,South America,218,243.0
2138,2025-11-07,Africa,19,208.0
2139,2025-11-07,Asia,68,214.0
2140,2025-11-07,Europe,16,205.0
2141,2025-11-07,North America,1017,347.0
2142,2025-11-07,Oceania,2,192.0
2143,2025-11-07,South America,199,220.0
2144,2025-11-08,Africa,5,189.0
2145,2025-11-08,Asia,31,191.0
2146,2025-11-08,Europe,6,182.0
2147,2025-11-08,North America,612,267.0
2148,2025-11-08,Oceania,2,122.0
2149,2025-11-08,South America,112,138.0
2150,2025-11-09,Africa,4,110.0
2151,2025-11-09,Asia,28,114.0
2152,2025-11-09,Europe,6,110.0
2153,2025-11-09,North America,507,182.0
2154,2025-11-09,South America,72,104.0
2155,2025-11-10,Africa,18,107.0
2156,2025-11-10,Asia,70,101.0
2157,2025-11-10,Europe,18,103.0
2158,2025-11-10,North America,874,224.0
2159,2025-11-10,South America,191,250.0
2160,2025-11-11,Africa,12,179.0
2161,2025-11-11,Asia,77,180.0
2162,2025-11-11,Europe,15,180.0
2163,2025-11-11,North America,721,273.0
2164,2025-11-11,South America,113,286.0
2165,2025-11-12,Africa,21,164.0
2166,2025-11-12,Asia,84,149.0
2167,2025-11-12,Europe,18,150.0
2168,2025-11-12,North America,1024,285.0
2169,2025-11-12,South America,236,317.0
2170,2025-11-13,Africa,23,217.0
2171,2025-11-13,Asia,86,213.0
2172,2025-11-13,Europe,15,212.0
2173,2025-11-13,North America,1042,349.0
2174,2025-11-13,South America,234,380.0
2175,2025-11-14,Africa,22,237.0
2176,2025-11-14,Asia,68,213.0
2177,2025-11-14,Europe,16,212.0
2178,2025-11-14,North America,1013,344.0
2179,2025-11-14,South America,184,368.0
2180,2025-11-15,Africa,13,221.0
2181,2025-11-15,Asia,38,193.0
2182,2025-11-15,Europe,9,192.0
2183,2025-11-15,North America,624,271.0
2184,2025-11-15,Oceania,2,269.0
2185,2025-11-15,South America,88,137.0
2186,2025-11-16,Africa,8,112.0
2187,2025-11-16,Asia,35,115.0
2188,2025-11-16,Europe,11,111.0
2189,2025-11-16,North America,592,194.0
2190,2025-11-16,Oceania,1,105.0
2191,2025-11-16,South America,148,126.0
2192,2025-11-17,Africa,19,116.0
2193,2025-11-17,Asia,57,123.0
2194,2025-11-17,Europe,19,121.0
2195,2025-11-17,North America,1005,263.0
2196,2025-11-17,South America,248,214.0
2197,2025-11-18,Africa,38,219.0
2198,2025-11-18,Asia,69,208.0
2199,2025-11-18,Europe,26,209.0
2200,2025-11-18,North America,1086,356.0
2201,2025-11-18,Oceania,1,353.0
2202,2025-11-18,South America,269,248.0
2203,2025-11-19,Africa,25,216.0
2204,2025-11-19,Asia,90,224.0
2205,2025-11-19,Europe,19,217.0
2206,2025-11-19,North America,1121,373.0
2207,2025-11-19,South America,229,251.0
2208,2025-11-20,Africa,26,254.0
2209,2025-11-20,Asia,72,226.0
2210,2025-11-20,Europe,33,227.0
2211,2025-11-20,North America,1148,378.0
2212,2025-11-20,Oceania,1,376.0
2213,2025-11-20,South America,219,247.0
2214,2025-11-21,Africa,24,218.0
2215,2025-11-21,Asia,53,221.0
2216,2025-11-21,Europe,27,215.0
2217,2025-11-21,North America,1041,359.0
2218,2025-11-21,South America,209,225.0
2219,2025-11-22,Africa,10,226.0
2220,2025-11-22,Asia,36,200.0
2221,2025-11-22,Europe,7,198.0
2222,2025-11-22,North America,571,272.0
2223,2025-11-22,South America,89,280.0
2224,2025-11-23,Africa,8,133.0
2225,2025-11-23,Asia,19,106.0
2226,2025-11-23,Europe,5,105.0
2227,2025-11-23,North America,478,168.0
2228,2025-11-23,South America,90,180.0
2229,2025-11-24,Africa,17,101.0
2230,2025-11-24,Asia,57,96.0
2231,2025-11-24,Europe,21,98.0
2232,2025-11-24,North America,810,211.0
2233,2025-11-24,Oceania,1,211.0
2234,2025-11-24,South America,173,167.0
2235,2025-11-25,Africa,31,159.0
2236,2025-11-25,Asia,64,165.0
2237,2025-11-25,Europe,17,160.0
2238,2025-11-25,North America,998,299.0
2239,2025-11-25,Oceania,2,184.0
2240,2025-11-25,South America,192,211.0
2241,2025-11-26,Africa,22,189.0
2242,2025-11-26,Asia,57,193.0
2243,2025-11-26,Europe,19,187.0
2244,2025-11-26,North America,959,321.0
2245,2025-11-26,South America,201,207.0
2246,2025-11-27,Africa,11,209.0
2247,2025-11-27,Asia,27,185.0
2248,2025-11-27,Europe,13,184.0
2249,2025-11-27,North America,374,229.0
2250,2025-11-27,South America,75,237.0
2251,2025-11-28,Africa,11,102.0
2252,2025-11-28,Asia,28,77.0
2253,2025-11-28,Europe,7,76.0
2254,2025-11-28,North America,561,153.0
2255,2025-11-28,South America,102,165.0
2256,2025-11-29,Africa,6,113.0
2257,2025-11-29,Asia,29,106.0
2258,2025-11-29,Europe,10,106.0
2259,2025-11-29,North America,357,153.0
2260,2025-11-29,South America,67,162.0
2261,2025-11-30,Africa,9,83.0
2262,2025-11-30,Asia,18,71.0
2263,2025-11-30,Europe,3,70.0
2264,2025-11-30,North America,314,111.0
2265,2025-11-30,Oceania,1,110.0
2266,2025-11-30,South America,45,65.0
2267,2025-12-01,Africa,30,60.0
2268,2025-12-01,Asia,75,69.0
2269,2025-12-01,Europe,14,69.0
2270,2025-12-01,North America,826,186.0
2271,2025-12-01,Oceania,1,142.0
2272,2025-12-01,South America,195,169.0
2273,2025-12-02,Africa,34,168.0
2274,2025-12-02,Asia,128,182.0
2275,2025-12-02,Europe,23,174.0
2276,2025-12-02,North America,998,315.0
2277,2025-12-02,Oceania,1,197.0
2278,2025-12-02,South America,245,232.0
2279,2025-12-03,Africa,46,211.0
2280,2025-12-03,Asia,102,220.0
2281,2025-12-03,Europe,28,206.0
2282,2025-12-03,North America,1241,380.0
2283,2025-12-03,Oceania,2,238.0
2284,2025-12-03,South America,264,275.0
2285,2025-12-04,Africa,42,246.0
2286,2025-12-04,Asia,102,254.0
2287,2025-12-04,Europe,25,243.0
2288,2025-12-04,North America,1269,421.0
2289,2025-12-04,Oceania,4,244.0
2290,2025-12-04,South America,277,283.0
2291,2025-12-05,Africa,32,250.0
2292,2025-12-05,Asia,95,258.0
2293,2025-12-05,Europe,14,245.0
2294,2025-12-05,North America,1084,396.0
2295,2025-12-05,South America,240,249.0
2296,2025-12-06,Africa,17,251.0
2297,2025-12-06,Asia,30,216.0
2298,2025-12-06,Europe,15,214.0
2299,2025-12-06,North America,669,296.0
2300,2025-12-06,South America,146,314.0
2301,2025-12-07,Africa,8,161.0
2302,2025-12-07,Asia,21,129.0
2303,2025-12-07,Europe,6,128.0
2304,2025-12-07,North America,567,205.0
2305,2025-12-07,South America,102,217.0
2306,2025-12-08,Africa,26,125.0
2307,2025-12-08,Asia,111,120.0
2308,2025-12-08,Europe,18,122.0
2309,2025-12-08,North America,874,243.0
2310,2025-12-08,South America,182,269.0
2311,2025-12-09,Africa,32,192.0
2312,2025-12-09,Asia,102,192.0
2313,2025-12-09,Europe,32,193.0
2314,2025-12-09,North America,998,320.0
2315,2025-12-09,Oceania,3,318.0
2316,2025-12-09,South America,253,229.0
2317,2025-12-10,Africa,23,206.0
2318,2025-12-10,Asia,138,221.0
2319,2025-12-10,Europe,22,210.0
2320,2025-12-10,North America,1092,361.0
2321,2025-12-10,Oceania,2,219.0
2322,2025-12-10,South America,233,252.0
2323,2025-12-11,Africa,38,221.0
2324,2025-12-11,Asia,112,234.0
2325,2025-12-11,Europe,34,219.0
2326,2025-12-11,North America,1203,388.0
2327,2025-12-11,South America,265,270.0
2328,2025-12-12,Africa,28,273.0
2329,2025-12-12,Asia,74,251.0
2330,2025-12-12,Europe,23,248.0
2331,2025-12-12,North America,1105,390.0
2332,2025-12-12,Oceania,2,386.0
2333,2025-12-12,South America,213,244.0
2334,2025-12-13,Africa,8,208.0
2335,2025-12-13,Asia,26,207.0
2336,2025-12-13,Europe,10,198.0
2337,2025-12-13,North America,685,293.0
2338,2025-12-13,Oceania,1,135.0
2339,2025-12-13,South America,128,153.0
2340,2025-12-14,Africa,13,124.0
2341,2025-12-14,Asia,20,126.0
2342,2025-12-14,Europe,8,124.0
2343,2025-12-14,North America,516,196.0
2344,2025-12-14,South America,102,113.0
2345,2025-12-15,Africa,31,117.0
2346,2025-12-15,Asia,73,109.0
2347,2025-12-15,Europe,11,109.0
2348,2025-12-15,North America,847,227.0
2349,2025-12-15,South America,220,257.0
2350,2025-12-16,Africa,35,188.0
2351,2025-12-16,Asia,85,186.0
2352,2025-12-16,Europe,26,185.0
2353,2025-12-16,North America,1108,333.0
2354,2025-12-16,Oceania,2,332.0
2355,2025-12-16,South America,224,243.0
2356,2025-12-17,Africa,37,217.0
2357,2025-12-17,Asia,78,223.0
2358,2025-12-17,Europe,21,214.0
2359,2025-12-17,North America,1204,382.0
2360,2025-12-17,Oceania,2,224.0
2361,2025-12-17,South America,245,259.0
2362,2025-12-18,Africa,39,232.0
2363,2025-12-18,Asia,93,240.0
2364,2025-12-18,Europe,13,231.0
2365,2025-12-18,North America,1263,408.0
2366,2025-12-18,South America,253,273.0
2367,2025-12-19,Africa,18,275.0
2368,2025-12-19,Asia,50,247.0
2369,2025-12-19,Europe,21,244.0
2370,2025-12-19,North America,1033,379.0
2371,2025-12-19,Oceania,2,377.0
2372,2025-12-19,South America,225,229.0
2373,2025-12-20,Africa,9,194.0
2374,2025-12-20,Asia,38,197.0
2375,2025-12-20,Europe,1,190.0
2376,2025-12-20,North America,606,273.0
2377,2025-12-20,South America,109,141.0
2378,2025-12-21,Africa,5,142.0
2379,2025-12-21,Asia,23,113.0
2380,2025-12-21,Europe,9,113.0
2381,2025-12-21,North America,485,177.0
2382,2025-12-21,South America,83,189.0
2383,2025-12-22,Africa,18,105.0
2384,2025-12-22,Asia,53,97.0
2385,2025-12-22,Europe,20,99.0
2386,2025-12-22,North America,746,202.0
2387,2025-12-22,Oceania,1,201.0
2388,2025-12-22,South America,153,153.0
2389,2025-12-23,Africa,19,144.0
2390,2025-12-23,Asia,44,148.0
2391,2025-12-23,Europe,16,143.0
2392,2025-12-23,North America,1076,294.0
2393,2025-12-23,Oceania,3,187.0
2394,2025-12-23,South America,229,220.0
2395,2025-12-24,Africa,15,200.0
2396,2025-12-24,Asia,30,202.0
2397,2025-12-24,Europe,18,198.0
2398,2025-12-24,North America,701,296.0
2399,2025-12-24,South America,124,160.0
2400,2025-12-25,Africa,5,160.0
2401,2025-12-25,Asia,25,131.0
2402,2025-12-25,Europe,2,129.0
2403,2025-12-25,North America,272,164.0
2404,2025-12-25,South America,58,170.0
2405,2025-12-26,Africa,8,71.0
2406,2025-12-26,Asia,34,58.0
2407,2025-12-26,Europe,8,58.0
2408,2025-12-26,North America,580,137.0
2409,2025-12-26,Oceania,1,137.0
2410,2025-12-26,South America,118,115.0
2411,2025-12-27,Africa,5,108.0
2412,2025-12-27,Asia,23,110.0
2413,2025-12-27,Europe,6,106.0
2414,2025-12-27,North America,476,173.0
2415,2025-12-27,South America,81,101.0
2416,2025-12-28,Africa,1,101.0
2417,2025-12-28,Asia,21,88.0
2418,2025-12-28,Europe,5,88.0
2419,2025-12-28,North America,380,139.0
2420,2025-12-28,Oceania,1,138.0
2421,2025-12-28,South America,76,81.0
2422,2025-12-29,Africa,22,72.0
2423,2025-12-29,Asia,39,78.0
2424,2025-12-29,Europe,23,78.0
2425,2025-12-29,North America,731,182.0
2426,2025-12-29,South America,176,153.0
2427,2025-12-30,Africa,17,155.0
2428,2025-12-30,Asia,61,153.0
2429,2025-12-30,Europe,23,153.0
2430,2025-12-30,North America,912,278.0
2431,2025-12-30,Oceania,1,274.0
2432,2025-12-30,South America,204,199.0
2433,2025-12-31,Africa,16,176.0
2434,2025-12-31,Asia,36,179.0
2435,2025-12-31,Europe,17,173.0
2436,2025-12-31,North America,780,281.0
2437,2025-12-31,Oceania,3,151.0
2438,2025-12-31,South America,151,172.0
2439,2026-01-01,Africa,11,145.0
2440,2026-01-01,Asia,27,146.0
2441,2026-01-01,Europe,13,143.0
2442,2026-01-01,North America,455,206.0
2443,2026-01-01,Oceania,1,94.0
2444,2026-01-01,South America,108,109.0
2445,2026-01-02,Africa,12,90.0
2446,2026-01-02,Asia,46,95.0
2447,2026-01-02,Europe,1,91.0
2448,2026-01-02,North America,681,186.0
2449,2026-01-02,Oceania,1,121.0
2450,2026-01-02,South America,172,146.0
2451,2026-01-03,Africa,8,132.0
2452,2026-01-03,Asia,17,132.0
2453,2026-01-03,Europe,8,127.0
2454,2026-01-03,North America,490,197.0
2455,2026-01-03,South America,107,115.0
2456,2026-01-04,Africa,7,116.0
2457,2026-01-04,Asia,20,94.0
2458,2026-01-04,Europe,5,93.0
2459,2026-01-04,North America,419,151.0
2460,2026-01-04,South America,91,163.0
2461,2026-01-05,Africa,24,96.0
2462,2026-01-05,Asia,66,90.0
2463,2026-01-05,Europe,15,91.0
2464,2026-01-05,North America,812,205.0
2465,2026-01-05,Oceania,1,204.0
2466,2026-01-05,South America,253,180.0
2467,2026-01-06,Africa,27,171.0
2468,2026-01-06,Asia,71,178.0
2469,2026-01-06,Europe,21,171.0
2470,2026-01-06,North America,1037,317.0
2471,2026-01-06,Oceania,1,202.0
2472,2026-01-06,South America,259,238.0
2473,2026-01-07,Africa,36,207.0
2474,2026-01-07,Asia,63,213.0
2475,2026-01-07,Europe,26,206.0
2476,2026-01-07,North America,1149,367.0
2477,2026-01-07,South America,274,258.0
2478,2026-01-08,Africa,42,264.0
2479,2026-01-08,Asia,88,240.0
2480,2026-01-08,Europe,21,238.0
2481,2026-01-08,North America,1169,396.0
2482,2026-01-08,Oceania,3,392.0
2483,2026-01-08,South America,276,268.0
2484,2026-01-09,Africa,28,232.0
2485,2026-01-09,Asia,52,234.0
2486,2026-01-09,Europe,19,224.0
2487,2026-01-09,North America,1053,371.0
2488,2026-01-09,South America,247,240.0
2489,2026-01-10,Africa,14,241.0
2490,2026-01-10,Asia,40,208.0
2491,2026-01-10,Europe,9,205.0
2492,2026-01-10,North America,709,299.0
2493,2026-01-10,South America,191,323.0
2494,2026-01-11,Africa,17,175.0
2495,2026-01-11,Asia,30,144.0
2496,2026-01-11,Europe,19,145.0
2497,2026-01-11,North America,569,221.0
2498,2026-01-11,South America,131,238.0
2499,2026-01-12,Africa,30,141.0
2500,2026-01-12,Asia,71,124.0
2501,2026-01-12,Europe,31,126.0
2502,2026-01-12,North America,946,257.0
2503,2026-01-12,South America,214,285.0
2504,2026-01-13,Africa,40,209.0
2505,2026-01-13,Asia,75,201.0
2506,2026-01-13,Europe,29,201.0
2507,2026-01-13,North America,1157,356.0
2508,2026-01-13,Oceania,2,352.0
2509,2026-01-13,South America,302,260.0
2510,2026-01-14,Africa,30,234.0
2511,2026-01-14,Asia,92,241.0
2512,2026-01-14,Europe,31,235.0
2513,2026-01-14,North America,1268,412.0
2514,2026-01-14,Oceania,2,247.0
2515,2026-01-14,South America,307,290.0
2516,2026-01-15,Africa,25,251.0
2517,2026-01-15,Asia,71,257.0
2518,2026-01-15,Europe,17,246.0
2519,2026-01-15,North America,1155,406.0
2520,2026-01-15,Oceania,1,225.0
2521,2026-01-15,South America,262,263.0
2522,2026-01-16,Africa,30,223.0
2523,2026-01-16,Asia,55,227.0
2524,2026-01-16,Europe,19,220.0
2525,2026-01-16,North America,1039,366.0
2526,2026-01-16,Oceania,3,201.0
2527,2026-01-16,South America,199,230.0
2528,2026-01-17,Africa,11,194.0
2529,2026-01-17,Asia,35,194.0
2530,2026-01-17,Europe,9,188.0
2531,2026-01-17,North America,753,293.0
2532,2026-01-17,Oceania,1,144.0
2533,2026-01-17,South America,145,165.0
2534,2026-01-18,Africa,11,138.0
2535,2026-01-18,Asia,18,139.0
2536,2026-01-18,Europe,5,135.0
2537,2026-01-18,North America,549,212.0
2538,2026-01-18,Oceania,1,104.0
2539,2026-01-18,South America,123,122.0
2540,2026-01-19,Africa,10,102.0
2541,2026-01-19,Asia,31,105.0
2542,2026-01-19,Europe,8,104.0
2543,2026-01-19,North America,658,197.0
2544,2026-01-19,Oceania,2,119.0
2545,2026-01-19,South America,142,139.0
2546,2026-01-20,Africa,50,129.0
2547,2026-01-20,Asia,68,137.0
2548,2026-01-20,Europe,20,135.0
2549,2026-01-20,North America,933,268.0
2550,2026-01-20,South America,216,204.0
2551,2026-01-21,Africa,37,209.0
2552,2026-01-21,Asia,89,202.0
2553,2026-01-21,Europe,14,197.0
2554,2026-01-21,North America,1079,341.0
2555,2026-01-21,South America,224,370.0
2556,2026-01-22,Africa,54,245.0
2557,2026-01-22,Asia,72,224.0
2558,2026-01-22,Europe,25,222.0
2559,2026-01-22,North America,1043,359.0
2560,2026-01-22,South America,272,396.0
2561,2026-01-23,Africa,41,247.0
2562,2026-01-23,Asia,67,225.0
2563,2026-01-23,Europe,27,221.0
2564,2026-01-23,North America,981,351.0
2565,2026-01-23,Oceania,1,347.0
2566,2026-01-23,South America,193,226.0
2567,2026-01-24,Africa,8,188.0
2568,2026-01-24,Asia,28,186.0
2569,2026-01-24,Europe,9,178.0
2570,2026-01-24,North America,550,253.0
2571,2026-01-24,South America,150,134.0
2572,2026-01-25,Africa,6,135.0
2573,2026-01-25,Asia,16,110.0
2574,2026-01-25,Europe,1,109.0
2575,2026-01-25,North America,261,142.0
2576,2026-01-25,South America,68,150.0
2577,2026-01-26,Africa,16,74.0
2578,2026-01-26,Asia,14,55.0
2579,2026-01-26,Europe,4,54.0
2580,2026-01-26,North America,529,128.0
2581,2026-01-26,Oceania,1,128.0
2582,2026-01-26,South America,115,107.0
2583,2026-01-27,Africa,21,100.0
2584,2026-01-27,Asia,73,108.0
2585,2026-01-27,Europe,13,108.0
2586,2026-01-27,North America,842,228.0
2587,2026-01-27,Oceania,1,152.0
2588,2026-01-27,South America,169,176.0
2589,2026-01-28,Africa,37,165.0
2590,2026-01-28,Asia,52,170.0
2591,2026-01-28,Europe,16,161.0
2592,2026-01-28,North America,958,296.0
2593,2026-01-28,South America,205,205.0
2594,2026-01-29,Africa,31,210.0
2595,2026-01-29,Asia,51,193.0
2596,2026-01-29,Europe,13,189.0
2597,2026-01-29,North America,992,324.0
2598,2026-01-29,South America,230,354.0
2599,2026-01-30,Africa,15,220.0
2600,2026-01-30,Asia,36,195.0
2601,2026-01-30,Europe,14,193.0
2602,2026-01-30,North America,950,321.0
2603,2026-01-30,Oceania,1,320.0
2604,2026-01-30,South America,198,206.0
2605,2026-01-31,Africa,19,176.0
2606,2026-01-31,Asia,24,177.0
2607,2026-01-31,Europe,8,173.0
2608,2026-01-31,North America,592,256.0
2609,2026-01-31,South America,129,139.0
2610,2026-02-01,Africa,5,139.0
2611,2026-02-01,Asia,18,114.0
2612,2026-02-01,Europe,9,112.0
2613,2026-02-01,North America,469,176.0
2614,2026-02-01,Oceania,1,175.0
2615,2026-02-01,South America,88,103.0
2616,2026-02-02,Africa,22,87.0
2617,2026-02-02,Asia,46,93.0
2618,2026-02-02,Europe,15,93.0
2619,2026-02-02,North America,760,200.0
2620,2026-02-02,Oceania,2,133.0
2621,2026-02-02,South America,167,157.0
2622,2026-02-03,Africa,22,148.0
2623,2026-02-03,Asia,58,153.0
2624,2026-02-03,Europe,13,148.0
2625,2026-02-03,North America,874,271.0
2626,2026-02-03,Oceania,1,162.0
2627,2026-02-03,South America,184,188.0
2628,2026-02-04,Africa,29,169.0
2629,2026-02-04,Asia,63,175.0
2630,2026-02-04,Europe,24,170.0
2631,2026-02-04,North America,876,293.0
2632,2026-02-04,Oceania,1,168.0
2633,2026-02-04,South America,173,193.0
2634,2026-02-05,Africa,19,169.0
2635,2026-02-05,Asia,39,171.0
2636,2026-02-05,Europe,22,165.0
2637,2026-02-05,North America,914,292.0
2638,2026-02-05,Oceania,1,167.0
2639,2026-02-05,South America,206,196.0
2640,2026-02-06,Africa,13,173.0
2641,2026-02-06,Asia,53,178.0
2642,2026-02-06,Europe,25,176.0
2643,2026-02-06,North America,832,292.0
2644,2026-02-06,Oceania,1,162.0
2645,2026-02-06,South America,201,190.0
2646,2026-02-07,Africa,15,163.0
2647,2026-02-07,Asia,20,164.0
2648,2026-02-07,Europe,12,158.0
2649,2026-02-07,North America,493,225.0
2650,2026-02-07,South America,97,120.0
2651,2026-02-08,Africa,10,121.0
2652,2026-02-08,Asia,12,94.0
2653,2026-02-08,Europe,3,92.0
2654,2026-02-08,North America,460,155.0
2655,2026-02-08,South America,86,166.0
2656,2026-02-09,Africa,19,98.0
2657,2026-02-09,Asia,40,90.0
2658,2026-02-09,Europe,14,91.0
2659,2026-02-09,North America,707,190.0
2660,2026-02-09,South America,147,210.0
2661,2026-02-10,Africa,21,148.0
2662,2026-02-10,Asia,52,143.0
2663,2026-02-10,Europe,20,143.0
2664,2026-02-10,North America,961,275.0
2665,2026-02-10,South America,173,297.0
2666,2026-02-11,Africa,20,199.0
2667,2026-02-11,Asia,51,185.0
2668,2026-02-11,Europe,15,185.0
2669,2026-02-11,North America,891,304.0
2670,2026-02-11,Oceania,2,302.0
2671,2026-02-11,South America,218,196.0
2672,2026-02-12,Africa,26,175.0
2673,2026-02-12,Asia,79,183.0
2674,2026-02-12,Europe,18,178.0
2675,2026-02-12,North America,944,311.0
2676,2026-02-12,Oceania,1,184.0
2677,2026-02-12,South America,182,210.0
2678,2026-02-13,Africa,24,182.0
2679,2026-02-13,Asia,55,186.0
2680,2026-02-13,Europe,23,178.0
2681,2026-02-13,North America,820,293.0
2682,2026-02-13,Oceania,1,158.0
2683,2026-02-13,South America,155,180.0
2684,2026-02-14,Africa,10,155.0
2685,2026-02-14,Asia,19,155.0
2686,2026-02-14,Europe,10,148.0
2687,2026-02-14,North America,467,212.0
2688,2026-02-14,Oceania,2,95.0
2689,2026-02-14,South America,93,108.0
2690,2026-02-15,Africa,11,87.0
2691,2026-02-15,Asia,16,88.0
2692,2026-02-15,Europe,5,86.0
2693,2026-02-15,North America,395,141.0
2694,2026-02-15,South America,96,88.0
2695,2026-02-16,Africa,10,89.0
2696,2026-02-16,Asia,18,79.0
2697,2026-02-16,Europe,10,79.0
2698,2026-02-16,North America,597,162.0
2699,2026-02-16,South America,128,179.0
2700,2026-02-17,Africa,19,125.0
2701,2026-02-17,Asia,66,121.0
2702,2026-02-17,Europe,11,121.0
2703,2026-02-17,North America,826,237.0
2704,2026-02-17,South America,181,261.0
2705,2026-02-18,Africa,26,180.0
2706,2026-02-18,Asia,44,168.0
2707,2026-02-18,Europe,23,168.0
2708,2026-02-18,North America,912,289.0
2709,2026-02-18,South America,178,313.0
2710,2026-02-19,Africa,18,197.0
2711,2026-02-19,Asia,75,182.0
2712,2026-02-19,Europe,15,181.0
2713,2026-02-19,North America,908,304.0
2714,2026-02-19,Oceania,1,301.0
2715,2026-02-19,South America,212,201.0
2716,2026-02-20,Africa,14,178.0
2717,2026-02-20,Asia,32,180.0
2718,2026-02-20,Europe,12,171.0
2719,2026-02-20,North America,896,296.0
2720,2026-02-20,South America,166,190.0
2721,2026-02-21,Africa,8,191.0
2722,2026-02-21,Asia,24,165.0
2723,2026-02-21,Europe,13,164.0
2724,2026-02-21,North America,553,239.0
2725,2026-02-21,South America,92,250.0
2726,2026-02-22,Africa,8,123.0
2727,2026-02-22,Asia,19,102.0
2728,2026-02-22,Europe,2,102.0
2729,2026-02-22,North America,368,151.0
2730,2026-02-22,Oceania,1,149.0
2731,2026-02-22,South America,57,78.0
2732,2026-02-23,Africa,10,66.0
2733,2026-02-23,Asia,37,71.0
2734,2026-02-23,Europe,9,69.0
2735,2026-02-23,North America,665,164.0
2736,2026-02-23,Oceania,3,112.0
2737,2026-02-23,South America,141,132.0
2738,2026-02-24,Africa,30,128.0
2739,2026-02-24,Asia,42,132.0
2740,2026-02-24,Europe,10,129.0
2741,2026-02-24,North America,916,258.0
2742,2026-02-24,Oceania,3,164.0
2743,2026-02-24,South America,167,187.0
2744,2026-02-25,Africa,18,169.0
2745,2026-02-25,Asia,72,175.0
2746,2026-02-25,Europe,18,172.0
2747,2026-02-25,North America,990,312.0
2748,2026-02-25,Oceania,1,181.0
2749,2026-02-25,South America,216,212.0
2750,2026-02-26,Africa,17,190.0
2751,2026-02-26,Asia,52,195.0
2752,2026-02-26,Europe,10,186.0
2753,2026-02-26,North America,930,317.0
2754,2026-02-26,Oceania,1,175.0
2755,2026-02-26,South America,186,202.0
2756,2026-02-27,Africa,11,172.0
2757,2026-02-27,Asia,55,178.0
2758,2026-02-27,Europe,9,172.0
2759,2026-02-27,North America,811,286.0
2760,2026-02-27,South America,168,177.0
2761,2026-02-28,Africa,3,178.0
2762,2026-02-28,Asia,24,154.0
2763,2026-02-28,Europe,8,154.0
2764,2026-02-28,North America,517,220.0
2765,2026-02-28,South America,94,232.0
2766,2026-03-01,Africa,9,118.0
2767,2026-03-01,Asia,16,96.0
2768,2026-03-01,Europe,7,96.0
2769,2026-03-01,North America,426,154.0
2770,2026-03-01,South America,81,164.0
2771,2026-03-02,Africa,10,92.0
2772,2026-03-02,Asia,47,85.0
2773,2026-03-02,Europe,21,87.0
2774,2026-03-02,North America,713,186.0
2775,2026-03-02,Oceania,1,186.0
2776,2026-03-02,South America,182,151.0
2777,2026-03-03,Africa,19,142.0
2778,2026-03-03,Asia,51,148.0
2779,2026-03-03,Europe,22,144.0
2780,2026-03-03,North America,872,266.0
2781,2026-03-03,Oceania,1,164.0
2782,2026-03-03,South America,212,194.0
2783,2026-03-04,Africa,16,170.0
2784,2026-03-04,Asia,61,176.0
2785,2026-03-04,Europe,20,172.0
2786,2026-03-04,North America,940,303.0
2787,2026-03-04,South America,162,202.0
2788,2026-03-05,Africa,19,204.0
2789,2026-03-05,Asia,59,182.0
2790,2026-03-05,Europe,18,183.0
2791,2026-03-05,North America,799,288.0
2792,2026-03-05,Oceania,3,286.0
2793,2026-03-05,South America,173,176.0
2794,2026-03-06,Africa,12,155.0
2795,2026-03-06,Asia,41,158.0
2796,2026-03-06,Europe,14,151.0
2797,2026-03-06,North America,782,261.0
2798,2026-03-06,South America,154,168.0
2799,2026-03-07,Africa,5,169.0
2800,2026-03-07,Asia,13,146.0
2801,2026-03-07,Europe,2,144.0
2802,2026-03-07,North America,489,208.0
2803,2026-03-07,Oceania,1,207.0
2804,2026-03-07,South America,85,107.0
2805,2026-03-08,Africa,6,86.0
2806,2026-03-08,Asia,22,88.0
2807,2026-03-08,Europe,5,87.0
2808,2026-03-08,North America,364,139.0
2809,2026-03-08,Oceania,1,69.0
2810,2026-03-08,South America,48,76.0
2811,2026-03-09,Africa,16,66.0
2812,2026-03-09,Asia,28,69.0
2813,2026-03-09,Europe,5,67.0
2814,2026-03-09,North America,697,166.0
2815,2026-03-09,South America,151,135.0
2816,2026-03-10,Africa,19,138.0
2817,2026-03-10,Asia,60,139.0
2818,2026-03-10,Europe,8,138.0
2819,2026-03-10,North America,800,249.0
2820,2026-03-10,South America,161,271.0
2821,2026-09-17,South America,1,171.0
