Apprehension Date,arrests,week_rolling_avg,Administration,days_since_jan20,Month_Day
2015-10-01,372,,Trump 1.0,-477,October 1
2015-10-02,368,,Trump 1.0,-476,October 2
2015-10-03,40,,Trump 1.0,-475,October 3
2015-10-04,39,,Trump 1.0,-474,October 4
2015-10-05,365,,Trump 1.0,-473,October 5
2015-10-06,392,,Trump 1.0,-472,October 6
2015-10-07,419,285.0,Trump 1.0,-471,October 7
2015-10-08,401,289.14285714285717,Trump 1.0,-470,October 8
2015-10-09,398,293.42857142857144,Trump 1.0,-469,October 9
2015-10-10,52,295.14285714285717,Trump 1.0,-468,October 10
2015-10-11,38,295.0,Trump 1.0,-467,October 11
2015-10-12,103,257.57142857142856,Trump 1.0,-466,October 12
2015-10-13,402,259.0,Trump 1.0,-465,October 13
2015-10-14,424,259.7142857142857,Trump 1.0,-464,October 14
2015-10-15,443,265.7142857142857,Trump 1.0,-463,October 15
2015-10-16,417,268.42857142857144,Trump 1.0,-462,October 16
2015-10-17,58,269.2857142857143,Trump 1.0,-461,October 17
2015-10-18,43,270.0,Trump 1.0,-460,October 18
2015-10-19,407,313.42857142857144,Trump 1.0,-459,October 19
2015-10-20,467,322.7142857142857,Trump 1.0,-458,October 20
2015-10-21,413,321.14285714285717,Trump 1.0,-457,October 21
2015-10-22,439,320.57142857142856,Trump 1.0,-456,October 22
2015-10-23,398,317.85714285714283,Trump 1.0,-455,October 23
2015-10-24,118,326.42857142857144,Trump 1.0,-454,October 24
2015-10-25,115,336.7142857142857,Trump 1.0,-453,October 25
2015-10-26,368,331.14285714285717,Trump 1.0,-452,October 26
2015-10-27,476,332.42857142857144,Trump 1.0,-451,October 27
2015-10-28,455,338.42857142857144,Trump 1.0,-450,October 28
2015-10-29,487,345.2857142857143,Trump 1.0,-449,October 29
2015-10-30,947,423.7142857142857,Trump 1.0,-448,October 30
2015-10-31,70,416.85714285714283,Trump 1.0,-447,October 31
2015-11-01,50,407.57142857142856,Trump 1.0,-446,November 1
2015-11-02,589,439.14285714285717,Trump 1.0,-445,November 2
2015-11-03,436,433.42857142857144,Trump 1.0,-444,November 3
2015-11-04,445,432.0,Trump 1.0,-443,November 4
2015-11-05,426,423.2857142857143,Trump 1.0,-442,November 5
2015-11-06,398,344.85714285714283,Trump 1.0,-441,November 6
2015-11-07,49,341.85714285714283,Trump 1.0,-440,November 7
2015-11-08,65,344.0,Trump 1.0,-439,November 8
2015-11-09,442,323.0,Trump 1.0,-438,November 9
2015-11-10,431,322.2857142857143,Trump 1.0,-437,November 10
2015-11-11,112,274.7142857142857,Trump 1.0,-436,November 11
2015-11-12,393,270.0,Trump 1.0,-435,November 12
2015-11-13,448,277.14285714285717,Trump 1.0,-434,November 13
2015-11-14,73,280.57142857142856,Trump 1.0,-433,November 14
2015-11-15,47,278.0,Trump 1.0,-432,November 15
2015-11-16,392,270.85714285714283,Trump 1.0,-431,November 16
2015-11-17,426,270.14285714285717,Trump 1.0,-430,November 17
2015-11-18,382,308.7142857142857,Trump 1.0,-429,November 18
2015-11-19,411,311.2857142857143,Trump 1.0,-428,November 19
2015-11-20,404,305.0,Trump 1.0,-427,November 20
2015-11-21,41,300.42857142857144,Trump 1.0,-426,November 21
2015-11-22,33,298.42857142857144,Trump 1.0,-425,November 22
2015-11-23,391,298.2857142857143,Trump 1.0,-424,November 23
2015-11-24,383,292.14285714285717,Trump 1.0,-423,November 24
2015-11-25,323,283.7142857142857,Trump 1.0,-422,November 25
2015-11-26,44,231.28571428571428,Trump 1.0,-421,November 26
2015-11-27,226,205.85714285714286,Trump 1.0,-420,November 27
2015-11-28,33,204.71428571428572,Trump 1.0,-419,November 28
2015-11-29,49,207.0,Trump 1.0,-418,November 29
2015-11-30,390,206.85714285714286,Trump 1.0,-417,November 30
2015-12-01,432,213.85714285714286,Trump 1.0,-416,December 1
2015-12-02,410,226.28571428571428,Trump 1.0,-415,December 2
2015-12-03,433,281.85714285714283,Trump 1.0,-414,December 3
2015-12-04,407,307.7142857142857,Trump 1.0,-413,December 4
2015-12-05,51,310.2857142857143,Trump 1.0,-412,December 5
2015-12-06,74,313.85714285714283,Trump 1.0,-411,December 6
2015-12-07,398,315.0,Trump 1.0,-410,December 7
2015-12-08,386,308.42857142857144,Trump 1.0,-409,December 8
2015-12-09,380,304.14285714285717,Trump 1.0,-408,December 9
2015-12-10,393,298.42857142857144,Trump 1.0,-407,December 10
2015-12-11,401,297.57142857142856,Trump 1.0,-406,December 11
2015-12-12,75,301.0,Trump 1.0,-405,December 12
2015-12-13,67,300.0,Trump 1.0,-404,December 13
2015-12-14,384,298.0,Trump 1.0,-403,December 14
2015-12-15,397,299.57142857142856,Trump 1.0,-402,December 15
2015-12-16,410,303.85714285714283,Trump 1.0,-401,December 16
2015-12-17,401,305.0,Trump 1.0,-400,December 17
2015-12-18,428,308.85714285714283,Trump 1.0,-399,December 18
2015-12-19,65,307.42857142857144,Trump 1.0,-398,December 19
2015-12-20,63,306.85714285714283,Trump 1.0,-397,December 20
2015-12-21,347,301.57142857142856,Trump 1.0,-396,December 21
2015-12-22,317,290.14285714285717,Trump 1.0,-395,December 22
2015-12-23,318,277.0,Trump 1.0,-394,December 23
2015-12-24,243,254.42857142857142,Trump 1.0,-393,December 24
2015-12-25,36,198.42857142857142,Trump 1.0,-392,December 25
2015-12-26,55,197.0,Trump 1.0,-391,December 26
2015-12-27,32,192.57142857142858,Trump 1.0,-390,December 27
2015-12-28,257,179.71428571428572,Trump 1.0,-389,December 28
2015-12-29,286,175.28571428571428,Trump 1.0,-388,December 29
2015-12-30,294,171.85714285714286,Trump 1.0,-387,December 30
2015-12-31,318,182.57142857142858,Trump 1.0,-386,December 31
2016-01-01,39,183.0,Trump 1.0,-385,January 1
2016-01-02,143,195.57142857142858,Trump 1.0,-384,January 2
2016-01-03,53,198.57142857142858,Trump 1.0,-383,January 3
2016-01-04,267,200.0,Trump 1.0,-382,January 4
2016-01-05,330,206.28571428571428,Trump 1.0,-381,January 5
2016-01-06,383,219.0,Trump 1.0,-380,January 6
2016-01-07,402,231.0,Trump 1.0,-379,January 7
2016-01-08,371,278.42857142857144,Trump 1.0,-378,January 8
2016-01-09,66,267.42857142857144,Trump 1.0,-377,January 9
2016-01-10,46,266.42857142857144,Trump 1.0,-376,January 10
2016-01-11,374,281.7142857142857,Trump 1.0,-375,January 11
2016-01-12,392,290.57142857142856,Trump 1.0,-374,January 12
2016-01-13,366,288.14285714285717,Trump 1.0,-373,January 13
2016-01-14,416,290.14285714285717,Trump 1.0,-372,January 14
2016-01-15,440,300.0,Trump 1.0,-371,January 15
2016-01-16,53,298.14285714285717,Trump 1.0,-370,January 16
2016-01-17,37,296.85714285714283,Trump 1.0,-369,January 17
2016-01-18,71,253.57142857142858,Trump 1.0,-368,January 18
2016-01-19,350,247.57142857142858,Trump 1.0,-367,January 19
2016-01-20,351,245.42857142857142,Trump 1.0,-366,January 20
2016-01-21,351,236.14285714285714,Trump 1.0,-365,January 21
2016-01-22,366,225.57142857142858,Trump 1.0,-364,January 22
2016-01-23,64,227.14285714285714,Trump 1.0,-363,January 23
2016-01-24,39,227.42857142857142,Trump 1.0,-362,January 24
2016-01-25,365,269.42857142857144,Trump 1.0,-361,January 25
2016-01-26,363,271.2857142857143,Trump 1.0,-360,January 26
2016-01-27,381,275.57142857142856,Trump 1.0,-359,January 27
2016-01-28,389,281.0,Trump 1.0,-358,January 28
2016-01-29,394,285.0,Trump 1.0,-357,January 29
2016-01-30,76,286.7142857142857,Trump 1.0,-356,January 30
2016-01-31,66,290.57142857142856,Trump 1.0,-355,January 31
2016-02-01,436,300.7142857142857,Trump 1.0,-354,February 1
2016-02-02,399,305.85714285714283,Trump 1.0,-353,February 2
2016-02-03,362,303.14285714285717,Trump 1.0,-352,February 3
2016-02-04,383,302.2857142857143,Trump 1.0,-351,February 4
2016-02-05,367,298.42857142857144,Trump 1.0,-350,February 5
2016-02-06,91,300.57142857142856,Trump 1.0,-349,February 6
2016-02-07,49,298.14285714285717,Trump 1.0,-348,February 7
2016-02-08,338,284.14285714285717,Trump 1.0,-347,February 8
2016-02-09,407,285.2857142857143,Trump 1.0,-346,February 9
2016-02-10,374,287.0,Trump 1.0,-345,February 10
2016-02-11,446,296.0,Trump 1.0,-344,February 11
2016-02-12,407,301.7142857142857,Trump 1.0,-343,February 12
2016-02-13,57,296.85714285714283,Trump 1.0,-342,February 13
2016-02-14,52,297.2857142857143,Trump 1.0,-341,February 14
2016-02-15,48,255.85714285714286,Trump 1.0,-340,February 15
2016-02-16,379,251.85714285714286,Trump 1.0,-339,February 16
2016-02-17,398,255.28571428571428,Trump 1.0,-338,February 17
2016-02-18,444,255.0,Trump 1.0,-337,February 18
2016-02-19,373,250.14285714285714,Trump 1.0,-336,February 19
2016-02-20,47,248.71428571428572,Trump 1.0,-335,February 20
2016-02-21,42,247.28571428571428,Trump 1.0,-334,February 21
2016-02-22,380,294.7142857142857,Trump 1.0,-333,February 22
2016-02-23,417,300.14285714285717,Trump 1.0,-332,February 23
2016-02-24,390,299.0,Trump 1.0,-331,February 24
2016-02-25,407,293.7142857142857,Trump 1.0,-330,February 25
2016-02-26,475,308.2857142857143,Trump 1.0,-329,February 26
2016-02-27,55,309.42857142857144,Trump 1.0,-328,February 27
2016-02-28,74,314.0,Trump 1.0,-327,February 28
2016-02-29,388,315.14285714285717,Trump 1.0,-326,February 29
2016-03-01,439,318.2857142857143,Trump 1.0,-325,March 1
2016-03-02,409,321.0,Trump 1.0,-324,March 2
2016-03-03,411,321.57142857142856,Trump 1.0,-323,March 3
2016-03-04,419,313.57142857142856,Trump 1.0,-322,March 4
2016-03-05,68,315.42857142857144,Trump 1.0,-321,March 5
2016-03-06,62,313.7142857142857,Trump 1.0,-320,March 6
2016-03-07,405,316.14285714285717,Trump 1.0,-319,March 7
2016-03-08,404,311.14285714285717,Trump 1.0,-318,March 8
2016-03-09,356,303.57142857142856,Trump 1.0,-317,March 9
2016-03-10,429,306.14285714285717,Trump 1.0,-316,March 10
2016-03-11,419,306.14285714285717,Trump 1.0,-315,March 11
2016-03-12,52,303.85714285714283,Trump 1.0,-314,March 12
2016-03-13,45,301.42857142857144,Trump 1.0,-313,March 13
2016-03-14,396,300.14285714285717,Trump 1.0,-312,March 14
2016-03-15,387,297.7142857142857,Trump 1.0,-311,March 15
2016-03-16,362,298.57142857142856,Trump 1.0,-310,March 16
2016-03-17,387,292.57142857142856,Trump 1.0,-309,March 17
2016-03-18,347,282.2857142857143,Trump 1.0,-308,March 18
2016-03-19,46,281.42857142857144,Trump 1.0,-307,March 19
2016-03-20,44,281.2857142857143,Trump 1.0,-306,March 20
2016-03-21,352,275.0,Trump 1.0,-305,March 21
2016-03-22,354,270.2857142857143,Trump 1.0,-304,March 22
2016-03-23,390,274.2857142857143,Trump 1.0,-303,March 23
2016-03-24,386,274.14285714285717,Trump 1.0,-302,March 24
2016-03-25,371,277.57142857142856,Trump 1.0,-301,March 25
2016-03-26,61,279.7142857142857,Trump 1.0,-300,March 26
2016-03-27,55,281.2857142857143,Trump 1.0,-299,March 27
2016-03-28,369,283.7142857142857,Trump 1.0,-298,March 28
2016-03-29,387,288.42857142857144,Trump 1.0,-297,March 29
2016-03-30,388,288.14285714285717,Trump 1.0,-296,March 30
2016-03-31,376,286.7142857142857,Trump 1.0,-295,March 31
2016-04-01,386,288.85714285714283,Trump 1.0,-294,April 1
2016-04-02,39,285.7142857142857,Trump 1.0,-293,April 2
2016-04-03,35,282.85714285714283,Trump 1.0,-292,April 3
2016-04-04,392,286.14285714285717,Trump 1.0,-291,April 4
2016-04-05,427,291.85714285714283,Trump 1.0,-290,April 5
2016-04-06,411,295.14285714285717,Trump 1.0,-289,April 6
2016-04-07,438,304.0,Trump 1.0,-288,April 7
2016-04-08,432,310.57142857142856,Trump 1.0,-287,April 8
2016-04-09,60,313.57142857142856,Trump 1.0,-286,April 9
2016-04-10,55,316.42857142857144,Trump 1.0,-285,April 10
2016-04-11,420,320.42857142857144,Trump 1.0,-284,April 11
2016-04-12,491,329.57142857142856,Trump 1.0,-283,April 12
2016-04-13,403,328.42857142857144,Trump 1.0,-282,April 13
2016-04-14,444,329.2857142857143,Trump 1.0,-281,April 14
2016-04-15,402,325.0,Trump 1.0,-280,April 15
2016-04-16,73,326.85714285714283,Trump 1.0,-279,April 16
2016-04-17,43,325.14285714285717,Trump 1.0,-278,April 17
2016-04-18,372,318.2857142857143,Trump 1.0,-277,April 18
2016-04-19,426,309.0,Trump 1.0,-276,April 19
2016-04-20,390,307.14285714285717,Trump 1.0,-275,April 20
2016-04-21,444,307.14285714285717,Trump 1.0,-274,April 21
2016-04-22,441,312.7142857142857,Trump 1.0,-273,April 22
2016-04-23,86,314.57142857142856,Trump 1.0,-272,April 23
2016-04-24,34,313.2857142857143,Trump 1.0,-271,April 24
2016-04-25,407,318.2857142857143,Trump 1.0,-270,April 25
2016-04-26,379,311.57142857142856,Trump 1.0,-269,April 26
2016-04-27,397,312.57142857142856,Trump 1.0,-268,April 27
2016-04-28,387,304.42857142857144,Trump 1.0,-267,April 28
2016-04-29,402,298.85714285714283,Trump 1.0,-266,April 29
2016-04-30,67,296.14285714285717,Trump 1.0,-265,April 30
2016-05-01,58,299.57142857142856,Trump 1.0,-264,May 1
2016-05-02,408,299.7142857142857,Trump 1.0,-263,May 2
2016-05-03,432,307.2857142857143,Trump 1.0,-262,May 3
2016-05-04,395,307.0,Trump 1.0,-261,May 4
2016-05-05,435,313.85714285714283,Trump 1.0,-260,May 5
2016-05-06,425,317.14285714285717,Trump 1.0,-259,May 6
2016-05-07,52,315.0,Trump 1.0,-258,May 7
2016-05-08,43,312.85714285714283,Trump 1.0,-257,May 8
2016-05-09,434,316.57142857142856,Trump 1.0,-256,May 9
2016-05-10,470,322.0,Trump 1.0,-255,May 10
2016-05-11,476,333.57142857142856,Trump 1.0,-254,May 11
2016-05-12,434,333.42857142857144,Trump 1.0,-253,May 12
2016-05-13,427,333.7142857142857,Trump 1.0,-252,May 13
2016-05-14,55,334.14285714285717,Trump 1.0,-251,May 14
2016-05-15,55,335.85714285714283,Trump 1.0,-250,May 15
2016-05-16,400,331.0,Trump 1.0,-249,May 16
2016-05-17,405,321.7142857142857,Trump 1.0,-248,May 17
2016-05-18,397,310.42857142857144,Trump 1.0,-247,May 18
2016-05-19,412,307.2857142857143,Trump 1.0,-246,May 19
2016-05-20,434,308.2857142857143,Trump 1.0,-245,May 20
2016-05-21,63,309.42857142857144,Trump 1.0,-244,May 21
2016-05-22,69,311.42857142857144,Trump 1.0,-243,May 22
2016-05-23,433,316.14285714285717,Trump 1.0,-242,May 23
2016-05-24,362,310.0,Trump 1.0,-241,May 24
2016-05-25,388,308.7142857142857,Trump 1.0,-240,May 25
2016-05-26,437,312.2857142857143,Trump 1.0,-239,May 26
2016-05-27,404,308.0,Trump 1.0,-238,May 27
2016-05-28,73,309.42857142857144,Trump 1.0,-237,May 28
2016-05-29,48,306.42857142857144,Trump 1.0,-236,May 29
2016-05-30,67,254.14285714285714,Trump 1.0,-235,May 30
2016-05-31,347,252.0,Trump 1.0,-234,May 31
2016-06-01,393,252.71428571428572,Trump 1.0,-233,June 1
2016-06-02,408,248.57142857142858,Trump 1.0,-232,June 2
2016-06-03,413,249.85714285714286,Trump 1.0,-231,June 3
2016-06-04,77,250.42857142857142,Trump 1.0,-230,June 4
2016-06-05,32,248.14285714285714,Trump 1.0,-229,June 5
2016-06-06,373,291.85714285714283,Trump 1.0,-228,June 6
2016-06-07,388,297.7142857142857,Trump 1.0,-227,June 7
2016-06-08,358,292.7142857142857,Trump 1.0,-226,June 8
2016-06-09,392,290.42857142857144,Trump 1.0,-225,June 9
2016-06-10,416,290.85714285714283,Trump 1.0,-224,June 10
2016-06-11,90,292.7142857142857,Trump 1.0,-223,June 11
2016-06-12,61,296.85714285714283,Trump 1.0,-222,June 12
2016-06-13,361,295.14285714285717,Trump 1.0,-221,June 13
2016-06-14,406,297.7142857142857,Trump 1.0,-220,June 14
2016-06-15,404,304.2857142857143,Trump 1.0,-219,June 15
2016-06-16,415,307.57142857142856,Trump 1.0,-218,June 16
2016-06-17,381,302.57142857142856,Trump 1.0,-217,June 17
2016-06-18,43,295.85714285714283,Trump 1.0,-216,June 18
2016-06-19,43,293.2857142857143,Trump 1.0,-215,June 19
2016-06-20,344,290.85714285714283,Trump 1.0,-214,June 20
2016-06-21,359,284.14285714285717,Trump 1.0,-213,June 21
2016-06-22,360,277.85714285714283,Trump 1.0,-212,June 22
2016-06-23,359,269.85714285714283,Trump 1.0,-211,June 23
2016-06-24,348,265.14285714285717,Trump 1.0,-210,June 24
2016-06-25,59,267.42857142857144,Trump 1.0,-209,June 25
2016-06-26,43,267.42857142857144,Trump 1.0,-208,June 26
2016-06-27,400,275.42857142857144,Trump 1.0,-207,June 27
2016-06-28,392,280.14285714285717,Trump 1.0,-206,June 28
2016-06-29,383,283.42857142857144,Trump 1.0,-205,June 29
2016-06-30,349,282.0,Trump 1.0,-204,June 30
2016-07-01,401,289.57142857142856,Trump 1.0,-203,July 1
2016-07-02,64,290.2857142857143,Trump 1.0,-202,July 2
2016-07-03,51,291.42857142857144,Trump 1.0,-201,July 3
2016-07-04,43,240.42857142857142,Trump 1.0,-200,July 4
2016-07-05,295,226.57142857142858,Trump 1.0,-199,July 5
2016-07-06,393,228.0,Trump 1.0,-198,July 6
2016-07-07,398,235.0,Trump 1.0,-197,July 7
2016-07-08,414,236.85714285714286,Trump 1.0,-196,July 8
2016-07-09,21,230.71428571428572,Trump 1.0,-195,July 9
2016-07-10,25,227.0,Trump 1.0,-194,July 10
2016-07-11,391,276.7142857142857,Trump 1.0,-193,July 11
2016-07-12,406,292.57142857142856,Trump 1.0,-192,July 12
2016-07-13,421,296.57142857142856,Trump 1.0,-191,July 13
2016-07-14,379,293.85714285714283,Trump 1.0,-190,July 14
2016-07-15,411,293.42857142857144,Trump 1.0,-189,July 15
2016-07-16,51,297.7142857142857,Trump 1.0,-188,July 16
2016-07-17,65,303.42857142857144,Trump 1.0,-187,July 17
2016-07-18,397,304.2857142857143,Trump 1.0,-186,July 18
2016-07-19,430,307.7142857142857,Trump 1.0,-185,July 19
2016-07-20,419,307.42857142857144,Trump 1.0,-184,July 20
2016-07-21,359,304.57142857142856,Trump 1.0,-183,July 21
2016-07-22,375,299.42857142857144,Trump 1.0,-182,July 22
2016-07-23,37,297.42857142857144,Trump 1.0,-181,July 23
2016-07-24,44,294.42857142857144,Trump 1.0,-180,July 24
2016-07-25,330,284.85714285714283,Trump 1.0,-179,July 25
2016-07-26,359,274.7142857142857,Trump 1.0,-178,July 26
2016-07-27,413,273.85714285714283,Trump 1.0,-177,July 27
2016-07-28,382,277.14285714285717,Trump 1.0,-176,July 28
2016-07-29,376,277.2857142857143,Trump 1.0,-175,July 29
2016-07-30,53,279.57142857142856,Trump 1.0,-174,July 30
2016-07-31,41,279.14285714285717,Trump 1.0,-173,July 31
2016-08-01,370,284.85714285714283,Trump 1.0,-172,August 1
2016-08-02,378,287.57142857142856,Trump 1.0,-171,August 2
2016-08-03,423,289.0,Trump 1.0,-170,August 3
2016-08-04,400,291.57142857142856,Trump 1.0,-169,August 4
2016-08-05,386,293.0,Trump 1.0,-168,August 5
2016-08-06,50,292.57142857142856,Trump 1.0,-167,August 6
2016-08-07,38,292.14285714285717,Trump 1.0,-166,August 7
2016-08-08,394,295.57142857142856,Trump 1.0,-165,August 8
2016-08-09,410,300.14285714285717,Trump 1.0,-164,August 9
2016-08-10,440,302.57142857142856,Trump 1.0,-163,August 10
2016-08-11,442,308.57142857142856,Trump 1.0,-162,August 11
2016-08-12,422,313.7142857142857,Trump 1.0,-161,August 12
2016-08-13,60,315.14285714285717,Trump 1.0,-160,August 13
2016-08-14,31,314.14285714285717,Trump 1.0,-159,August 14
2016-08-15,402,315.2857142857143,Trump 1.0,-158,August 15
2016-08-16,477,324.85714285714283,Trump 1.0,-157,August 16
2016-08-17,470,329.14285714285717,Trump 1.0,-156,August 17
2016-08-18,461,331.85714285714283,Trump 1.0,-155,August 18
2016-08-19,418,331.2857142857143,Trump 1.0,-154,August 19
2016-08-20,71,332.85714285714283,Trump 1.0,-153,August 20
2016-08-21,63,337.42857142857144,Trump 1.0,-152,August 21
2016-08-22,389,335.57142857142856,Trump 1.0,-151,August 22
2016-08-23,420,327.42857142857144,Trump 1.0,-150,August 23
2016-08-24,424,320.85714285714283,Trump 1.0,-149,August 24
2016-08-25,386,310.14285714285717,Trump 1.0,-148,August 25
2016-08-26,390,306.14285714285717,Trump 1.0,-147,August 26
2016-08-27,52,303.42857142857144,Trump 1.0,-146,August 27
2016-08-28,50,301.57142857142856,Trump 1.0,-145,August 28
2016-08-29,380,300.2857142857143,Trump 1.0,-144,August 29
2016-08-30,402,297.7142857142857,Trump 1.0,-143,August 30
2016-08-31,453,301.85714285714283,Trump 1.0,-142,August 31
2016-09-01,400,303.85714285714283,Trump 1.0,-141,September 1
2016-09-02,458,313.57142857142856,Trump 1.0,-140,September 2
2016-09-03,53,313.7142857142857,Trump 1.0,-139,September 3
2016-09-04,45,313.0,Trump 1.0,-138,September 4
2016-09-05,65,268.0,Trump 1.0,-137,September 5
2016-09-06,404,268.2857142857143,Trump 1.0,-136,September 6
2016-09-07,430,265.0,Trump 1.0,-135,September 7
2016-09-08,454,272.7142857142857,Trump 1.0,-134,September 8
2016-09-09,426,268.14285714285717,Trump 1.0,-133,September 9
2016-09-10,35,265.57142857142856,Trump 1.0,-132,September 10
2016-09-11,44,265.42857142857144,Trump 1.0,-131,September 11
2016-09-12,355,306.85714285714283,Trump 1.0,-130,September 12
2016-09-13,426,310.0,Trump 1.0,-129,September 13
2016-09-14,393,304.7142857142857,Trump 1.0,-128,September 14
2016-09-15,428,301.0,Trump 1.0,-127,September 15
2016-09-16,424,300.7142857142857,Trump 1.0,-126,September 16
2016-09-17,69,305.57142857142856,Trump 1.0,-125,September 17
2016-09-18,102,313.85714285714283,Trump 1.0,-124,September 18
2016-09-19,416,322.57142857142856,Trump 1.0,-123,September 19
2016-09-20,448,325.7142857142857,Trump 1.0,-122,September 20
2016-09-21,415,328.85714285714283,Trump 1.0,-121,September 21
2016-09-22,400,324.85714285714283,Trump 1.0,-120,September 22
2016-09-23,356,315.14285714285717,Trump 1.0,-119,September 23
2016-09-24,70,315.2857142857143,Trump 1.0,-118,September 24
2016-09-25,37,306.0,Trump 1.0,-117,September 25
2016-09-26,424,307.14285714285717,Trump 1.0,-116,September 26
2016-09-27,411,301.85714285714283,Trump 1.0,-115,September 27
2016-09-28,423,303.0,Trump 1.0,-114,September 28
2016-09-29,438,308.42857142857144,Trump 1.0,-113,September 29
2016-09-30,391,313.42857142857144,Trump 1.0,-112,September 30
2016-10-01,71,313.57142857142856,Trump 1.0,-111,October 1
2016-10-02,79,319.57142857142856,Trump 1.0,-110,October 2
2016-10-03,397,315.7142857142857,Trump 1.0,-109,October 3
2016-10-04,434,319.0,Trump 1.0,-108,October 4
2016-10-05,418,318.2857142857143,Trump 1.0,-107,October 5
2016-10-06,382,310.2857142857143,Trump 1.0,-106,October 6
2016-10-07,425,315.14285714285717,Trump 1.0,-105,October 7
2016-10-08,75,315.7142857142857,Trump 1.0,-104,October 8
2016-10-09,37,309.7142857142857,Trump 1.0,-103,October 9
2016-10-10,101,267.42857142857144,Trump 1.0,-102,October 10
2016-10-11,440,268.2857142857143,Trump 1.0,-101,October 11
2016-10-12,438,271.14285714285717,Trump 1.0,-100,October 12
2016-10-13,421,276.7142857142857,Trump 1.0,-99,October 13
2016-10-14,481,284.7142857142857,Trump 1.0,-98,October 14
2016-10-15,55,281.85714285714283,Trump 1.0,-97,October 15
2016-10-16,72,286.85714285714283,Trump 1.0,-96,October 16
2016-10-17,389,328.0,Trump 1.0,-95,October 17
2016-10-18,459,330.7142857142857,Trump 1.0,-94,October 18
2016-10-19,464,334.42857142857144,Trump 1.0,-93,October 19
2016-10-20,442,337.42857142857144,Trump 1.0,-92,October 20
2016-10-21,435,330.85714285714283,Trump 1.0,-91,October 21
2016-10-22,59,331.42857142857144,Trump 1.0,-90,October 22
2016-10-23,61,329.85714285714283,Trump 1.0,-89,October 23
2016-10-24,430,335.7142857142857,Trump 1.0,-88,October 24
2016-10-25,394,326.42857142857144,Trump 1.0,-87,October 25
2016-10-26,393,316.2857142857143,Trump 1.0,-86,October 26
2016-10-27,410,311.7142857142857,Trump 1.0,-85,October 27
2016-10-28,391,305.42857142857144,Trump 1.0,-84,October 28
2016-10-29,52,304.42857142857144,Trump 1.0,-83,October 29
2016-10-30,65,305.0,Trump 1.0,-82,October 30
2016-10-31,334,291.2857142857143,Trump 1.0,-81,October 31
2016-11-01,433,296.85714285714283,Trump 1.0,-80,November 1
2016-11-02,418,300.42857142857144,Trump 1.0,-79,November 2
2016-11-03,391,297.7142857142857,Trump 1.0,-78,November 3
2016-11-04,447,305.7142857142857,Trump 1.0,-77,November 4
2016-11-05,62,307.14285714285717,Trump 1.0,-76,November 5
2016-11-06,61,306.57142857142856,Trump 1.0,-75,November 6
2016-11-07,386,314.0,Trump 1.0,-74,November 7
2016-11-08,395,308.57142857142856,Trump 1.0,-73,November 8
2016-11-09,408,307.14285714285717,Trump 1.0,-72,November 9
2016-11-10,511,324.2857142857143,Trump 1.0,-71,November 10
2016-11-11,103,275.14285714285717,Trump 1.0,-70,November 11
2016-11-12,46,272.85714285714283,Trump 1.0,-69,November 12
2016-11-13,56,272.14285714285717,Trump 1.0,-68,November 13
2016-11-14,407,275.14285714285717,Trump 1.0,-67,November 14
2016-11-15,440,281.57142857142856,Trump 1.0,-66,November 15
2016-11-16,450,287.57142857142856,Trump 1.0,-65,November 16
2016-11-17,439,277.2857142857143,Trump 1.0,-64,November 17
2016-11-18,444,326.0,Trump 1.0,-63,November 18
2016-11-19,54,327.14285714285717,Trump 1.0,-62,November 19
2016-11-20,72,329.42857142857144,Trump 1.0,-61,November 20
2016-11-21,404,329.0,Trump 1.0,-60,November 21
2016-11-22,446,329.85714285714283,Trump 1.0,-59,November 22
2016-11-23,402,323.0,Trump 1.0,-58,November 23
2016-11-24,45,266.7142857142857,Trump 1.0,-57,November 24
2016-11-25,240,237.57142857142858,Trump 1.0,-56,November 25
2016-11-26,44,236.14285714285714,Trump 1.0,-55,November 26
2016-11-27,45,232.28571428571428,Trump 1.0,-54,November 27
2016-11-28,312,219.14285714285714,Trump 1.0,-53,November 28
2016-11-29,403,213.0,Trump 1.0,-52,November 29
2016-11-30,410,214.14285714285714,Trump 1.0,-51,November 30
2016-12-01,390,263.42857142857144,Trump 1.0,-50,December 1
2016-12-02,434,291.14285714285717,Trump 1.0,-49,December 2
2016-12-03,76,295.7142857142857,Trump 1.0,-48,December 3
2016-12-04,89,302.0,Trump 1.0,-47,December 4
2016-12-05,398,314.2857142857143,Trump 1.0,-46,December 5
2016-12-06,444,320.14285714285717,Trump 1.0,-45,December 6
2016-12-07,463,327.7142857142857,Trump 1.0,-44,December 7
2016-12-08,385,327.0,Trump 1.0,-43,December 8
2016-12-09,425,325.7142857142857,Trump 1.0,-42,December 9
2016-12-10,80,326.2857142857143,Trump 1.0,-41,December 10
2016-12-11,58,321.85714285714283,Trump 1.0,-40,December 11
2016-12-12,419,324.85714285714283,Trump 1.0,-39,December 12
2016-12-13,399,318.42857142857144,Trump 1.0,-38,December 13
2016-12-14,448,316.2857142857143,Trump 1.0,-37,December 14
2016-12-15,448,325.2857142857143,Trump 1.0,-36,December 15
2016-12-16,406,322.57142857142856,Trump 1.0,-35,December 16
2016-12-17,63,320.14285714285717,Trump 1.0,-34,December 17
2016-12-18,57,320.0,Trump 1.0,-33,December 18
2016-12-19,366,312.42857142857144,Trump 1.0,-32,December 19
2016-12-20,396,312.0,Trump 1.0,-31,December 20
2016-12-21,432,309.7142857142857,Trump 1.0,-30,December 21
2016-12-22,384,300.57142857142856,Trump 1.0,-29,December 22
2016-12-23,350,292.57142857142856,Trump 1.0,-28,December 23
2016-12-24,49,290.57142857142856,Trump 1.0,-27,December 24
2016-12-25,29,286.57142857142856,Trump 1.0,-26,December 25
2016-12-26,50,241.42857142857142,Trump 1.0,-25,December 26
2016-12-27,271,223.57142857142858,Trump 1.0,-24,December 27
2016-12-28,263,199.42857142857142,Trump 1.0,-23,December 28
2016-12-29,311,189.0,Trump 1.0,-22,December 29
2016-12-30,338,187.28571428571428,Trump 1.0,-21,December 30
2016-12-31,28,184.28571428571428,Trump 1.0,-20,December 31
2017-01-01,39,185.71428571428572,Trump 1.0,-19,January 1
2017-01-02,60,187.14285714285714,Trump 1.0,-18,January 2
2017-01-03,298,191.0,Trump 1.0,-17,January 3
2017-01-04,385,208.42857142857142,Trump 1.0,-16,January 4
2017-01-05,413,223.0,Trump 1.0,-15,January 5
2017-01-06,422,235.0,Trump 1.0,-14,January 6
2017-01-07,47,237.71428571428572,Trump 1.0,-13,January 7
2017-01-08,34,237.0,Trump 1.0,-12,January 8
2017-01-09,397,285.14285714285717,Trump 1.0,-11,January 9
2017-01-10,440,305.42857142857144,Trump 1.0,-10,January 10
2017-01-11,401,307.7142857142857,Trump 1.0,-9,January 11
2017-01-12,428,309.85714285714283,Trump 1.0,-8,January 12
2017-01-13,479,318.0,Trump 1.0,-7,January 13
2017-01-14,77,322.2857142857143,Trump 1.0,-6,January 14
2017-01-15,54,325.14285714285717,Trump 1.0,-5,January 15
2017-01-16,85,280.57142857142856,Trump 1.0,-4,January 16
2017-01-17,420,277.7142857142857,Trump 1.0,-3,January 17
2017-01-18,451,284.85714285714283,Trump 1.0,-2,January 18
2017-01-19,430,285.14285714285717,Trump 1.0,-1,January 19
2017-01-20,494,287.2857142857143,Trump 1.0,0,January 20
2017-01-21,74,286.85714285714283,Trump 1.0,1,January 21
2017-01-22,30,283.42857142857144,Trump 1.0,2,January 22
2017-01-23,371,324.2857142857143,Trump 1.0,3,January 23
2017-01-24,455,329.2857142857143,Trump 1.0,4,January 24
2017-01-25,464,331.14285714285717,Trump 1.0,5,January 25
2017-01-26,468,336.57142857142856,Trump 1.0,6,January 26
2017-01-27,477,334.14285714285717,Trump 1.0,7,January 27
2017-01-28,76,334.42857142857144,Trump 1.0,8,January 28
2017-01-29,59,338.57142857142856,Trump 1.0,9,January 29
2017-01-30,476,353.57142857142856,Trump 1.0,10,January 30
2017-01-31,505,360.7142857142857,Trump 1.0,11,January 31
2017-02-01,449,358.57142857142856,Trump 1.0,12,February 1
2017-02-02,493,362.14285714285717,Trump 1.0,13,February 2
2017-02-03,514,367.42857142857144,Trump 1.0,14,February 3
2017-02-04,74,367.14285714285717,Trump 1.0,15,February 4
2017-02-05,129,377.14285714285717,Trump 1.0,16,February 5
2017-02-06,559,389.0,Trump 1.0,17,February 6
2017-02-07,669,412.42857142857144,Trump 1.0,18,February 7
2017-02-08,646,440.57142857142856,Trump 1.0,19,February 8
2017-02-09,606,456.7142857142857,Trump 1.0,20,February 9
2017-02-10,599,468.85714285714283,Trump 1.0,21,February 10
2017-02-11,93,471.57142857142856,Trump 1.0,22,February 11
2017-02-12,101,467.57142857142856,Trump 1.0,23,February 12
2017-02-13,473,455.2857142857143,Trump 1.0,24,February 13
2017-02-14,531,435.57142857142856,Trump 1.0,25,February 14
2017-02-15,556,422.7142857142857,Trump 1.0,26,February 15
2017-02-16,496,407.0,Trump 1.0,27,February 16
2017-02-17,578,404.0,Trump 1.0,28,February 17
2017-02-18,90,403.57142857142856,Trump 1.0,29,February 18
2017-02-19,72,399.42857142857144,Trump 1.0,30,February 19
2017-02-20,79,343.14285714285717,Trump 1.0,31,February 20
2017-02-21,554,346.42857142857144,Trump 1.0,32,February 21
2017-02-22,518,341.0,Trump 1.0,33,February 22
2017-02-23,528,345.57142857142856,Trump 1.0,34,February 23
2017-02-24,527,338.2857142857143,Trump 1.0,35,February 24
2017-02-25,75,336.14285714285717,Trump 1.0,36,February 25
2017-02-26,83,337.7142857142857,Trump 1.0,37,February 26
2017-02-27,518,400.42857142857144,Trump 1.0,38,February 27
2017-02-28,555,400.57142857142856,Trump 1.0,39,February 28
2017-03-01,557,406.14285714285717,Trump 1.0,40,March 1
2017-03-02,527,406.0,Trump 1.0,41,March 2
2017-03-03,517,404.57142857142856,Trump 1.0,42,March 3
2017-03-04,105,408.85714285714283,Trump 1.0,43,March 4
2017-03-05,136,416.42857142857144,Trump 1.0,44,March 5
2017-03-06,535,418.85714285714283,Trump 1.0,45,March 6
2017-03-07,621,428.2857142857143,Trump 1.0,46,March 7
2017-03-08,637,439.7142857142857,Trump 1.0,47,March 8
2017-03-09,612,451.85714285714283,Trump 1.0,48,March 9
2017-03-10,569,459.2857142857143,Trump 1.0,49,March 10
2017-03-11,129,462.7142857142857,Trump 1.0,50,March 11
2017-03-12,117,460.0,Trump 1.0,51,March 12
2017-03-13,539,460.57142857142856,Trump 1.0,52,March 13
2017-03-14,481,440.57142857142856,Trump 1.0,53,March 14
2017-03-15,470,416.7142857142857,Trump 1.0,54,March 15
2017-03-16,502,401.0,Trump 1.0,55,March 16
2017-03-17,451,384.14285714285717,Trump 1.0,56,March 17
2017-03-18,123,383.2857142857143,Trump 1.0,57,March 18
2017-03-19,105,381.57142857142856,Trump 1.0,58,March 19
2017-03-20,488,374.2857142857143,Trump 1.0,59,March 20
2017-03-21,534,381.85714285714283,Trump 1.0,60,March 21
2017-03-22,587,398.57142857142856,Trump 1.0,61,March 22
2017-03-23,539,403.85714285714283,Trump 1.0,62,March 23
2017-03-24,551,418.14285714285717,Trump 1.0,63,March 24
2017-03-25,154,422.57142857142856,Trump 1.0,64,March 25
2017-03-26,152,429.2857142857143,Trump 1.0,65,March 26
2017-03-27,592,444.14285714285717,Trump 1.0,66,March 27
2017-03-28,631,458.0,Trump 1.0,67,March 28
2017-03-29,556,453.57142857142856,Trump 1.0,68,March 29
2017-03-30,568,457.7142857142857,Trump 1.0,69,March 30
2017-03-31,532,455.0,Trump 1.0,70,March 31
2017-04-01,167,456.85714285714283,Trump 1.0,71,April 1
2017-04-02,176,460.2857142857143,Trump 1.0,72,April 2
2017-04-03,481,444.42857142857144,Trump 1.0,73,April 3
2017-04-04,539,431.2857142857143,Trump 1.0,74,April 4
2017-04-05,548,430.14285714285717,Trump 1.0,75,April 5
2017-04-06,532,425.0,Trump 1.0,76,April 6
2017-04-07,536,425.57142857142856,Trump 1.0,77,April 7
2017-04-08,100,416.0,Trump 1.0,78,April 8
2017-04-09,89,403.57142857142856,Trump 1.0,79,April 9
2017-04-10,473,402.42857142857144,Trump 1.0,80,April 10
2017-04-11,552,404.2857142857143,Trump 1.0,81,April 11
2017-04-12,616,414.0,Trump 1.0,82,April 12
2017-04-13,505,410.14285714285717,Trump 1.0,83,April 13
2017-04-14,454,398.42857142857144,Trump 1.0,84,April 14
2017-04-15,106,399.2857142857143,Trump 1.0,85,April 15
2017-04-16,71,396.7142857142857,Trump 1.0,86,April 16
2017-04-17,483,398.14285714285717,Trump 1.0,87,April 17
2017-04-18,604,405.57142857142856,Trump 1.0,88,April 18
2017-04-19,644,409.57142857142856,Trump 1.0,89,April 19
2017-04-20,574,419.42857142857144,Trump 1.0,90,April 20
2017-04-21,604,440.85714285714283,Trump 1.0,91,April 21
2017-04-22,104,440.57142857142856,Trump 1.0,92,April 22
2017-04-23,63,439.42857142857144,Trump 1.0,93,April 23
2017-04-24,561,450.57142857142856,Trump 1.0,94,April 24
2017-04-25,546,442.2857142857143,Trump 1.0,95,April 25
2017-04-26,570,431.7142857142857,Trump 1.0,96,April 26
2017-04-27,521,424.14285714285717,Trump 1.0,97,April 27
2017-04-28,502,409.57142857142856,Trump 1.0,98,April 28
2017-04-29,84,406.7142857142857,Trump 1.0,99,April 29
2017-04-30,82,409.42857142857144,Trump 1.0,100,April 30
2017-05-01,507,401.7142857142857,Trump 1.0,101,May 1
2017-05-02,538,400.57142857142856,Trump 1.0,102,May 2
2017-05-03,580,402.0,Trump 1.0,103,May 3
2017-05-04,537,404.2857142857143,Trump 1.0,104,May 4
2017-05-05,490,402.57142857142856,Trump 1.0,105,May 5
2017-05-06,92,403.7142857142857,Trump 1.0,106,May 6
2017-05-07,74,402.57142857142856,Trump 1.0,107,May 7
2017-05-08,520,404.42857142857144,Trump 1.0,108,May 8
2017-05-09,512,400.7142857142857,Trump 1.0,109,May 9
2017-05-10,554,397.0,Trump 1.0,110,May 10
2017-05-11,548,398.57142857142856,Trump 1.0,111,May 11
2017-05-12,526,403.7142857142857,Trump 1.0,112,May 12
2017-05-13,112,406.57142857142856,Trump 1.0,113,May 13
2017-05-14,82,407.7142857142857,Trump 1.0,114,May 14
2017-05-15,524,408.2857142857143,Trump 1.0,115,May 15
2017-05-16,565,415.85714285714283,Trump 1.0,116,May 16
2017-05-17,570,418.14285714285717,Trump 1.0,117,May 17
2017-05-18,584,423.2857142857143,Trump 1.0,118,May 18
2017-05-19,492,418.42857142857144,Trump 1.0,119,May 19
2017-05-20,149,423.7142857142857,Trump 1.0,120,May 20
2017-05-21,157,434.42857142857144,Trump 1.0,121,May 21
2017-05-22,541,436.85714285714283,Trump 1.0,122,May 22
2017-05-23,615,444.0,Trump 1.0,123,May 23
2017-05-24,621,451.2857142857143,Trump 1.0,124,May 24
2017-05-25,539,444.85714285714283,Trump 1.0,125,May 25
2017-05-26,539,451.57142857142856,Trump 1.0,126,May 26
2017-05-27,105,445.2857142857143,Trump 1.0,127,May 27
2017-05-28,91,435.85714285714283,Trump 1.0,128,May 28
2017-05-29,132,377.42857142857144,Trump 1.0,129,May 29
2017-05-30,561,369.7142857142857,Trump 1.0,130,May 30
2017-05-31,581,364.0,Trump 1.0,131,May 31
2017-06-01,593,371.7142857142857,Trump 1.0,132,June 1
2017-06-02,584,378.14285714285717,Trump 1.0,133,June 2
2017-06-03,99,377.2857142857143,Trump 1.0,134,June 3
2017-06-04,98,378.2857142857143,Trump 1.0,135,June 4
2017-06-05,632,449.7142857142857,Trump 1.0,136,June 5
2017-06-06,598,455.0,Trump 1.0,137,June 6
2017-06-07,626,461.42857142857144,Trump 1.0,138,June 7
2017-06-08,562,457.0,Trump 1.0,139,June 8
2017-06-09,540,450.7142857142857,Trump 1.0,140,June 9
2017-06-10,150,458.0,Trump 1.0,141,June 10
2017-06-11,184,470.2857142857143,Trump 1.0,142,June 11
2017-06-12,553,459.0,Trump 1.0,143,June 12
2017-06-13,578,456.14285714285717,Trump 1.0,144,June 13
2017-06-14,547,444.85714285714283,Trump 1.0,145,June 14
2017-06-15,581,447.57142857142856,Trump 1.0,146,June 15
2017-06-16,535,446.85714285714283,Trump 1.0,147,June 16
2017-06-17,95,439.0,Trump 1.0,148,June 17
2017-06-18,71,422.85714285714283,Trump 1.0,149,June 18
2017-06-19,532,419.85714285714283,Trump 1.0,150,June 19
2017-06-20,522,411.85714285714283,Trump 1.0,151,June 20
2017-06-21,555,413.0,Trump 1.0,152,June 21
2017-06-22,543,407.57142857142856,Trump 1.0,153,June 22
2017-06-23,540,408.2857142857143,Trump 1.0,154,June 23
2017-06-24,86,407.0,Trump 1.0,155,June 24
2017-06-25,90,409.7142857142857,Trump 1.0,156,June 25
2017-06-26,536,410.2857142857143,Trump 1.0,157,June 26
2017-06-27,590,420.0,Trump 1.0,158,June 27
2017-06-28,666,435.85714285714283,Trump 1.0,159,June 28
2017-06-29,632,448.57142857142856,Trump 1.0,160,June 29
2017-06-30,567,452.42857142857144,Trump 1.0,161,June 30
2017-07-01,110,455.85714285714283,Trump 1.0,162,July 1
2017-07-02,88,455.57142857142856,Trump 1.0,163,July 2
2017-07-03,467,445.7142857142857,Trump 1.0,164,July 3
2017-07-04,130,380.0,Trump 1.0,165,July 4
2017-07-05,440,347.7142857142857,Trump 1.0,166,July 5
2017-07-06,564,338.0,Trump 1.0,167,July 6
2017-07-07,578,339.57142857142856,Trump 1.0,168,July 7
2017-07-08,112,339.85714285714283,Trump 1.0,169,July 8
2017-07-09,85,339.42857142857144,Trump 1.0,170,July 9
2017-07-10,493,343.14285714285717,Trump 1.0,171,July 10
2017-07-11,640,416.0,Trump 1.0,172,July 11
2017-07-12,617,441.2857142857143,Trump 1.0,173,July 12
2017-07-13,632,451.0,Trump 1.0,174,July 13
2017-07-14,578,451.0,Trump 1.0,175,July 14
2017-07-15,118,451.85714285714283,Trump 1.0,176,July 15
2017-07-16,142,460.0,Trump 1.0,177,July 16
2017-07-17,550,468.14285714285717,Trump 1.0,178,July 17
2017-07-18,601,462.57142857142856,Trump 1.0,179,July 18
2017-07-19,596,459.57142857142856,Trump 1.0,180,July 19
2017-07-20,589,453.42857142857144,Trump 1.0,181,July 20
2017-07-21,539,447.85714285714283,Trump 1.0,182,July 21
2017-07-22,140,451.0,Trump 1.0,183,July 22
2017-07-23,300,473.57142857142856,Trump 1.0,184,July 23
2017-07-24,695,494.2857142857143,Trump 1.0,185,July 24
2017-07-25,733,513.1428571428571,Trump 1.0,186,July 25
2017-07-26,708,529.1428571428571,Trump 1.0,187,July 26
2017-07-27,554,524.1428571428571,Trump 1.0,188,July 27
2017-07-28,493,517.5714285714286,Trump 1.0,189,July 28
2017-07-29,145,518.2857142857143,Trump 1.0,190,July 29
2017-07-30,105,490.42857142857144,Trump 1.0,191,July 30
2017-07-31,574,473.14285714285717,Trump 1.0,192,July 31
2017-08-01,627,458.0,Trump 1.0,193,August 1
2017-08-02,657,450.7142857142857,Trump 1.0,194,August 2
2017-08-03,511,444.57142857142856,Trump 1.0,195,August 3
2017-08-04,592,458.7142857142857,Trump 1.0,196,August 4
2017-08-05,125,455.85714285714283,Trump 1.0,197,August 5
2017-08-06,122,458.2857142857143,Trump 1.0,198,August 6
2017-08-07,493,446.7142857142857,Trump 1.0,199,August 7
2017-08-08,537,433.85714285714283,Trump 1.0,200,August 8
2017-08-09,629,429.85714285714283,Trump 1.0,201,August 9
2017-08-10,586,440.57142857142856,Trump 1.0,202,August 10
2017-08-11,563,436.42857142857144,Trump 1.0,203,August 11
2017-08-12,129,437.0,Trump 1.0,204,August 12
2017-08-13,109,435.14285714285717,Trump 1.0,205,August 13
2017-08-14,545,442.57142857142856,Trump 1.0,206,August 14
2017-08-15,641,457.42857142857144,Trump 1.0,207,August 15
2017-08-16,608,454.42857142857144,Trump 1.0,208,August 16
2017-08-17,595,455.7142857142857,Trump 1.0,209,August 17
2017-08-18,634,465.85714285714283,Trump 1.0,210,August 18
2017-08-19,132,466.2857142857143,Trump 1.0,211,August 19
2017-08-20,108,466.14285714285717,Trump 1.0,212,August 20
2017-08-21,509,461.0,Trump 1.0,213,August 21
2017-08-22,564,450.0,Trump 1.0,214,August 22
2017-08-23,630,453.14285714285717,Trump 1.0,215,August 23
2017-08-24,559,448.0,Trump 1.0,216,August 24
2017-08-25,576,439.7142857142857,Trump 1.0,217,August 25
2017-08-26,83,432.7142857142857,Trump 1.0,218,August 26
2017-08-27,94,430.7142857142857,Trump 1.0,219,August 27
2017-08-28,462,424.0,Trump 1.0,220,August 28
2017-08-29,503,415.2857142857143,Trump 1.0,221,August 29
2017-08-30,551,404.0,Trump 1.0,222,August 30
2017-08-31,453,388.85714285714283,Trump 1.0,223,August 31
2017-09-01,559,386.42857142857144,Trump 1.0,224,September 1
2017-09-02,102,389.14285714285717,Trump 1.0,225,September 2
2017-09-03,98,389.7142857142857,Trump 1.0,226,September 3
2017-09-04,120,340.85714285714283,Trump 1.0,227,September 4
2017-09-05,527,344.2857142857143,Trump 1.0,228,September 5
2017-09-06,547,343.7142857142857,Trump 1.0,229,September 6
2017-09-07,564,359.57142857142856,Trump 1.0,230,September 7
2017-09-08,562,360.0,Trump 1.0,231,September 8
2017-09-09,109,361.0,Trump 1.0,232,September 9
2017-09-10,87,359.42857142857144,Trump 1.0,233,September 10
2017-09-11,501,413.85714285714283,Trump 1.0,234,September 11
2017-09-12,633,429.0,Trump 1.0,235,September 12
2017-09-13,575,433.0,Trump 1.0,236,September 13
2017-09-14,573,434.2857142857143,Trump 1.0,237,September 14
2017-09-15,544,431.7142857142857,Trump 1.0,238,September 15
2017-09-16,105,431.14285714285717,Trump 1.0,239,September 16
2017-09-17,142,439.0,Trump 1.0,240,September 17
2017-09-18,588,451.42857142857144,Trump 1.0,241,September 18
2017-09-19,557,440.57142857142856,Trump 1.0,242,September 19
2017-09-20,644,450.42857142857144,Trump 1.0,243,September 20
2017-09-21,555,447.85714285714283,Trump 1.0,244,September 21
2017-09-22,560,450.14285714285717,Trump 1.0,245,September 22
2017-09-23,87,447.57142857142856,Trump 1.0,246,September 23
2017-09-24,253,463.42857142857144,Trump 1.0,247,September 24
2017-09-25,644,471.42857142857144,Trump 1.0,248,September 25
2017-09-26,693,490.85714285714283,Trump 1.0,249,September 26
2017-09-27,632,489.14285714285717,Trump 1.0,250,September 27
2017-09-28,494,480.42857142857144,Trump 1.0,251,September 28
2017-09-29,525,475.42857142857144,Trump 1.0,252,September 29
2017-09-30,121,480.2857142857143,Trump 1.0,253,September 30
2017-10-01,109,459.7142857142857,Trump 1.0,254,October 1
2017-10-02,503,439.57142857142856,Trump 1.0,255,October 2
2017-10-03,556,420.0,Trump 1.0,256,October 3
2017-10-04,638,420.85714285714283,Trump 1.0,257,October 4
2017-10-05,561,430.42857142857144,Trump 1.0,258,October 5
2017-10-06,637,446.42857142857144,Trump 1.0,259,October 6
2017-10-07,132,448.0,Trump 1.0,260,October 7
2017-10-08,106,447.57142857142856,Trump 1.0,261,October 8
2017-10-09,143,396.14285714285717,Trump 1.0,262,October 9
2017-10-10,666,411.85714285714283,Trump 1.0,263,October 10
2017-10-11,599,406.2857142857143,Trump 1.0,264,October 11
2017-10-12,558,405.85714285714283,Trump 1.0,265,October 12
2017-10-13,596,400.0,Trump 1.0,266,October 13
2017-10-14,120,398.2857142857143,Trump 1.0,267,October 14
2017-10-15,108,398.57142857142856,Trump 1.0,268,October 15
2023-09-01,398,,Trump 2.0,-507,September 1
2023-09-02,93,,Trump 2.0,-506,September 2
2023-09-03,109,,Trump 2.0,-505,September 3
2023-09-04,121,,Trump 2.0,-504,September 4
2023-09-05,440,,Trump 2.0,-503,September 5
2023-09-06,451,,Trump 2.0,-502,September 6
2023-09-07,473,297.85714285714283,Trump 2.0,-501,September 7
2023-09-08,410,299.57142857142856,Trump 2.0,-500,September 8
2023-09-09,126,304.2857142857143,Trump 2.0,-499,September 9
2023-09-10,88,301.2857142857143,Trump 2.0,-498,September 10
2023-09-11,462,350.0,Trump 2.0,-497,September 11
2023-09-12,444,350.57142857142856,Trump 2.0,-496,September 12
2023-09-13,507,358.57142857142856,Trump 2.0,-495,September 13
2023-09-14,443,354.2857142857143,Trump 2.0,-494,September 14
2023-09-15,371,348.7142857142857,Trump 2.0,-493,September 15
2023-09-16,82,342.42857142857144,Trump 2.0,-492,September 16
2023-09-17,88,342.42857142857144,Trump 2.0,-491,September 17
2023-09-18,445,340.0,Trump 2.0,-490,September 18
2023-09-19,474,344.2857142857143,Trump 2.0,-489,September 19
2023-09-20,541,349.14285714285717,Trump 2.0,-488,September 20
2023-09-21,474,353.57142857142856,Trump 2.0,-487,September 21
2023-09-22,487,370.14285714285717,Trump 2.0,-486,September 22
2023-09-23,204,387.57142857142856,Trump 2.0,-485,September 23
2023-09-24,142,395.2857142857143,Trump 2.0,-484,September 24
2023-09-25,476,399.7142857142857,Trump 2.0,-483,September 25
2023-09-26,679,429.0,Trump 2.0,-482,September 26
2023-09-27,579,434.42857142857144,Trump 2.0,-481,September 27
2023-09-28,585,450.2857142857143,Trump 2.0,-480,September 28
2023-09-29,427,441.7142857142857,Trump 2.0,-479,September 29
2023-09-30,79,423.85714285714283,Trump 2.0,-478,September 30
2023-10-01,78,414.7142857142857,Trump 2.0,-477,October 1
2023-10-02,383,401.42857142857144,Trump 2.0,-476,October 2
2023-10-03,430,365.85714285714283,Trump 2.0,-475,October 3
2023-10-04,494,353.7142857142857,Trump 2.0,-474,October 4
2023-10-05,448,334.14285714285717,Trump 2.0,-473,October 5
2023-10-06,404,330.85714285714283,Trump 2.0,-472,October 6
2023-10-07,114,335.85714285714283,Trump 2.0,-471,October 7
2023-10-08,134,343.85714285714283,Trump 2.0,-470,October 8
2023-10-09,106,304.2857142857143,Trump 2.0,-469,October 9
2023-10-10,450,307.14285714285717,Trump 2.0,-468,October 10
2023-10-11,479,305.0,Trump 2.0,-467,October 11
2023-10-12,468,307.85714285714283,Trump 2.0,-466,October 12
2023-10-13,406,308.14285714285717,Trump 2.0,-465,October 13
2023-10-14,130,310.42857142857144,Trump 2.0,-464,October 14
2023-10-15,106,306.42857142857144,Trump 2.0,-463,October 15
2023-10-16,357,342.2857142857143,Trump 2.0,-462,October 16
2023-10-17,424,338.57142857142856,Trump 2.0,-461,October 17
2023-10-18,565,350.85714285714283,Trump 2.0,-460,October 18
2023-10-19,428,345.14285714285717,Trump 2.0,-459,October 19
2023-10-20,406,345.14285714285717,Trump 2.0,-458,October 20
2023-10-21,150,348.0,Trump 2.0,-457,October 21
2023-10-22,87,345.2857142857143,Trump 2.0,-456,October 22
2023-10-23,401,351.57142857142856,Trump 2.0,-455,October 23
2023-10-24,471,358.2857142857143,Trump 2.0,-454,October 24
2023-10-25,480,346.14285714285717,Trump 2.0,-453,October 25
2023-10-26,474,352.7142857142857,Trump 2.0,-452,October 26
2023-10-27,405,352.57142857142856,Trump 2.0,-451,October 27
2023-10-28,53,338.7142857142857,Trump 2.0,-450,October 28
2023-10-29,68,336.0,Trump 2.0,-449,October 29
2023-10-30,403,336.2857142857143,Trump 2.0,-448,October 30
2023-10-31,395,325.42857142857144,Trump 2.0,-447,October 31
2023-11-01,473,324.42857142857144,Trump 2.0,-446,November 1
2023-11-02,474,324.42857142857144,Trump 2.0,-445,November 2
2023-11-03,351,316.7142857142857,Trump 2.0,-444,November 3
2023-11-04,103,323.85714285714283,Trump 2.0,-443,November 4
2023-11-05,67,323.7142857142857,Trump 2.0,-442,November 5
2023-11-06,408,324.42857142857144,Trump 2.0,-441,November 6
2023-11-07,462,334.0,Trump 2.0,-440,November 7
2023-11-08,466,333.0,Trump 2.0,-439,November 8
2023-11-09,496,336.14285714285717,Trump 2.0,-438,November 9
2023-11-10,118,302.85714285714283,Trump 2.0,-437,November 10
2023-11-11,54,295.85714285714283,Trump 2.0,-436,November 11
2023-11-12,72,296.57142857142856,Trump 2.0,-435,November 12
2023-11-13,378,292.2857142857143,Trump 2.0,-434,November 13
2023-11-14,415,285.57142857142856,Trump 2.0,-433,November 14
2023-11-15,518,293.0,Trump 2.0,-432,November 15
2023-11-16,463,288.2857142857143,Trump 2.0,-431,November 16
2023-11-17,390,327.14285714285717,Trump 2.0,-430,November 17
2023-11-18,117,336.14285714285717,Trump 2.0,-429,November 18
2023-11-19,65,335.14285714285717,Trump 2.0,-428,November 19
2023-11-20,336,329.14285714285717,Trump 2.0,-427,November 20
2023-11-21,393,326.0,Trump 2.0,-426,November 21
2023-11-22,384,306.85714285714283,Trump 2.0,-425,November 22
2023-11-23,68,250.42857142857142,Trump 2.0,-424,November 23
2023-11-24,220,226.14285714285714,Trump 2.0,-423,November 24
2023-11-25,31,213.85714285714286,Trump 2.0,-422,November 25
2023-11-26,42,210.57142857142858,Trump 2.0,-421,November 26
2023-11-27,331,209.85714285714286,Trump 2.0,-420,November 27
2023-11-28,427,214.71428571428572,Trump 2.0,-419,November 28
2023-11-29,468,226.71428571428572,Trump 2.0,-418,November 29
2023-11-30,435,279.14285714285717,Trump 2.0,-417,November 30
2023-12-01,388,303.14285714285717,Trump 2.0,-416,December 1
2023-12-02,145,319.42857142857144,Trump 2.0,-415,December 2
2023-12-03,63,322.42857142857144,Trump 2.0,-414,December 3
2023-12-04,379,329.2857142857143,Trump 2.0,-413,December 4
2023-12-05,497,339.2857142857143,Trump 2.0,-412,December 5
2023-12-06,476,340.42857142857144,Trump 2.0,-411,December 6
2023-12-07,403,335.85714285714283,Trump 2.0,-410,December 7
2023-12-08,438,343.0,Trump 2.0,-409,December 8
2023-12-09,169,346.42857142857144,Trump 2.0,-408,December 9
2023-12-10,62,346.2857142857143,Trump 2.0,-407,December 10
2023-12-11,402,349.57142857142856,Trump 2.0,-406,December 11
2023-12-12,417,338.14285714285717,Trump 2.0,-405,December 12
2023-12-13,473,337.7142857142857,Trump 2.0,-404,December 13
2023-12-14,433,342.0,Trump 2.0,-403,December 14
2023-12-15,383,334.14285714285717,Trump 2.0,-402,December 15
2023-12-16,157,332.42857142857144,Trump 2.0,-401,December 16
2023-12-17,132,342.42857142857144,Trump 2.0,-400,December 17
2023-12-18,474,352.7142857142857,Trump 2.0,-399,December 18
2023-12-19,516,366.85714285714283,Trump 2.0,-398,December 19
2023-12-20,699,399.14285714285717,Trump 2.0,-397,December 20
2023-12-21,512,410.42857142857144,Trump 2.0,-396,December 21
2023-12-22,478,424.0,Trump 2.0,-395,December 22
2023-12-23,239,435.7142857142857,Trump 2.0,-394,December 23
2023-12-24,182,442.85714285714283,Trump 2.0,-393,December 24
2023-12-25,163,398.42857142857144,Trump 2.0,-392,December 25
2023-12-26,253,360.85714285714283,Trump 2.0,-391,December 26
2023-12-27,361,312.57142857142856,Trump 2.0,-390,December 27
2023-12-28,298,282.0,Trump 2.0,-389,December 28
2023-12-29,260,250.85714285714286,Trump 2.0,-388,December 29
2023-12-30,46,223.28571428571428,Trump 2.0,-387,December 30
2023-12-31,46,203.85714285714286,Trump 2.0,-386,December 31
2024-01-01,38,186.0,Trump 2.0,-385,January 1
2024-01-02,277,189.42857142857142,Trump 2.0,-384,January 2
2024-01-03,344,187.0,Trump 2.0,-383,January 3
2024-01-04,382,199.0,Trump 2.0,-382,January 4
2024-01-05,332,209.28571428571428,Trump 2.0,-381,January 5
2024-01-06,101,217.14285714285714,Trump 2.0,-380,January 6
2024-01-07,71,220.71428571428572,Trump 2.0,-379,January 7
2024-01-08,339,263.7142857142857,Trump 2.0,-378,January 8
2024-01-09,371,277.14285714285717,Trump 2.0,-377,January 9
2024-01-10,452,292.57142857142856,Trump 2.0,-376,January 10
2024-01-11,400,295.14285714285717,Trump 2.0,-375,January 11
2024-01-12,348,297.42857142857144,Trump 2.0,-374,January 12
2024-01-13,122,300.42857142857144,Trump 2.0,-373,January 13
2024-01-14,92,303.42857142857144,Trump 2.0,-372,January 14
2024-01-15,84,267.0,Trump 2.0,-371,January 15
2024-01-16,319,259.57142857142856,Trump 2.0,-370,January 16
2024-01-17,357,246.0,Trump 2.0,-369,January 17
2024-01-18,458,254.28571428571428,Trump 2.0,-368,January 18
2024-01-19,291,246.14285714285714,Trump 2.0,-367,January 19
2024-01-20,93,242.0,Trump 2.0,-366,January 20
2024-01-21,71,239.0,Trump 2.0,-365,January 21
2024-01-22,293,268.85714285714283,Trump 2.0,-364,January 22
2024-01-23,384,278.14285714285717,Trump 2.0,-363,January 23
2024-01-24,468,294.0,Trump 2.0,-362,January 24
2024-01-25,438,291.14285714285717,Trump 2.0,-361,January 25
2024-01-26,363,301.42857142857144,Trump 2.0,-360,January 26
2024-01-27,72,298.42857142857144,Trump 2.0,-359,January 27
2024-01-28,63,297.2857142857143,Trump 2.0,-358,January 28
2024-01-29,362,307.14285714285717,Trump 2.0,-357,January 29
2024-01-30,415,311.57142857142856,Trump 2.0,-356,January 30
2024-01-31,412,303.57142857142856,Trump 2.0,-355,January 31
2024-02-01,614,328.7142857142857,Trump 2.0,-354,February 1
2024-02-02,399,333.85714285714283,Trump 2.0,-353,February 2
2024-02-03,112,339.57142857142856,Trump 2.0,-352,February 3
2024-02-04,68,340.2857142857143,Trump 2.0,-351,February 4
2024-02-05,414,347.7142857142857,Trump 2.0,-350,February 5
2024-02-06,471,355.7142857142857,Trump 2.0,-349,February 6
2024-02-07,438,359.42857142857144,Trump 2.0,-348,February 7
2024-02-08,478,340.0,Trump 2.0,-347,February 8
2024-02-09,404,340.7142857142857,Trump 2.0,-346,February 9
2024-02-10,141,344.85714285714283,Trump 2.0,-345,February 10
2024-02-11,76,346.0,Trump 2.0,-344,February 11
2024-02-12,364,338.85714285714283,Trump 2.0,-343,February 12
2024-02-13,410,330.14285714285717,Trump 2.0,-342,February 13
2024-02-14,466,334.14285714285717,Trump 2.0,-341,February 14
2024-02-15,451,330.2857142857143,Trump 2.0,-340,February 15
2024-02-16,435,334.7142857142857,Trump 2.0,-339,February 16
2024-02-17,70,324.57142857142856,Trump 2.0,-338,February 17
2024-02-18,103,328.42857142857144,Trump 2.0,-337,February 18
2024-02-19,96,290.14285714285717,Trump 2.0,-336,February 19
2024-02-20,398,288.42857142857144,Trump 2.0,-335,February 20
2024-02-21,431,283.42857142857144,Trump 2.0,-334,February 21
2024-02-22,444,282.42857142857144,Trump 2.0,-333,February 22
2024-02-23,446,284.0,Trump 2.0,-332,February 23
2024-02-24,136,293.42857142857144,Trump 2.0,-331,February 24
2024-02-25,81,290.2857142857143,Trump 2.0,-330,February 25
2024-02-26,447,340.42857142857144,Trump 2.0,-329,February 26
2024-02-27,452,348.14285714285717,Trump 2.0,-328,February 27
2024-02-28,414,345.7142857142857,Trump 2.0,-327,February 28
2024-02-29,461,348.14285714285717,Trump 2.0,-326,February 29
2024-03-01,403,342.0,Trump 2.0,-325,March 1
2024-03-02,81,334.14285714285717,Trump 2.0,-324,March 2
2024-03-03,43,328.7142857142857,Trump 2.0,-323,March 3
2024-03-04,353,315.2857142857143,Trump 2.0,-322,March 4
2024-03-05,466,317.2857142857143,Trump 2.0,-321,March 5
2024-03-06,517,332.0,Trump 2.0,-320,March 6
2024-03-07,472,333.57142857142856,Trump 2.0,-319,March 7
2024-03-08,395,332.42857142857144,Trump 2.0,-318,March 8
2024-03-09,112,336.85714285714283,Trump 2.0,-317,March 9
2024-03-10,65,340.0,Trump 2.0,-316,March 10
2024-03-11,457,354.85714285714283,Trump 2.0,-315,March 11
2024-03-12,490,358.2857142857143,Trump 2.0,-314,March 12
2024-03-13,505,356.57142857142856,Trump 2.0,-313,March 13
2024-03-14,416,348.57142857142856,Trump 2.0,-312,March 14
2024-03-15,384,347.0,Trump 2.0,-311,March 15
2024-03-16,78,342.14285714285717,Trump 2.0,-310,March 16
2024-03-17,78,344.0,Trump 2.0,-309,March 17
2024-03-18,409,337.14285714285717,Trump 2.0,-308,March 18
2024-03-19,461,333.0,Trump 2.0,-307,March 19
2024-03-20,444,324.2857142857143,Trump 2.0,-306,March 20
2024-03-21,460,330.57142857142856,Trump 2.0,-305,March 21
2024-03-22,396,332.2857142857143,Trump 2.0,-304,March 22
2024-03-23,89,333.85714285714283,Trump 2.0,-303,March 23
2024-03-24,75,333.42857142857144,Trump 2.0,-302,March 24
2024-03-25,402,332.42857142857144,Trump 2.0,-301,March 25
2024-03-26,425,327.2857142857143,Trump 2.0,-300,March 26
2024-03-27,455,328.85714285714283,Trump 2.0,-299,March 27
2024-03-28,442,326.2857142857143,Trump 2.0,-298,March 28
2024-03-29,328,316.57142857142856,Trump 2.0,-297,March 29
2024-03-30,34,308.7142857142857,Trump 2.0,-296,March 30
2024-03-31,40,303.7142857142857,Trump 2.0,-295,March 31
2024-04-01,345,295.57142857142856,Trump 2.0,-294,April 1
2024-04-02,365,287.0,Trump 2.0,-293,April 2
2024-04-03,460,287.7142857142857,Trump 2.0,-292,April 3
2024-04-04,405,282.42857142857144,Trump 2.0,-291,April 4
2024-04-05,398,292.42857142857144,Trump 2.0,-290,April 5
2024-04-06,97,301.42857142857144,Trump 2.0,-289,April 6
2024-04-07,66,305.14285714285717,Trump 2.0,-288,April 7
2024-04-08,384,310.7142857142857,Trump 2.0,-287,April 8
2024-04-09,448,322.57142857142856,Trump 2.0,-286,April 9
2024-04-10,439,319.57142857142856,Trump 2.0,-285,April 10
2024-04-11,419,321.57142857142856,Trump 2.0,-284,April 11
2024-04-12,413,323.7142857142857,Trump 2.0,-283,April 12
2024-04-13,83,321.7142857142857,Trump 2.0,-282,April 13
2024-04-14,62,321.14285714285717,Trump 2.0,-281,April 14
2024-04-15,476,334.2857142857143,Trump 2.0,-280,April 15
2024-04-16,526,345.42857142857144,Trump 2.0,-279,April 16
2024-04-17,500,354.14285714285717,Trump 2.0,-278,April 17
2024-04-18,501,365.85714285714283,Trump 2.0,-277,April 18
2024-04-19,423,367.2857142857143,Trump 2.0,-276,April 19
2024-04-20,74,366.0,Trump 2.0,-275,April 20
2024-04-21,80,368.57142857142856,Trump 2.0,-274,April 21
2024-04-22,454,365.42857142857144,Trump 2.0,-273,April 22
2024-04-23,486,359.7142857142857,Trump 2.0,-272,April 23
2024-04-24,537,365.0,Trump 2.0,-271,April 24
2024-04-25,495,364.14285714285717,Trump 2.0,-270,April 25
2024-04-26,421,363.85714285714283,Trump 2.0,-269,April 26
2024-04-27,43,359.42857142857144,Trump 2.0,-268,April 27
2024-04-28,96,361.7142857142857,Trump 2.0,-267,April 28
2024-04-29,403,354.42857142857144,Trump 2.0,-266,April 29
2024-04-30,437,347.42857142857144,Trump 2.0,-265,April 30
2024-05-01,475,338.57142857142856,Trump 2.0,-264,May 1
2024-05-02,437,330.2857142857143,Trump 2.0,-263,May 2
2024-05-03,383,324.85714285714283,Trump 2.0,-262,May 3
2024-05-04,47,325.42857142857144,Trump 2.0,-261,May 4
2024-05-05,62,320.57142857142856,Trump 2.0,-260,May 5
2024-05-06,460,328.7142857142857,Trump 2.0,-259,May 6
2024-05-07,429,327.57142857142856,Trump 2.0,-258,May 7
2024-05-08,483,328.7142857142857,Trump 2.0,-257,May 8
2024-05-09,425,327.0,Trump 2.0,-256,May 9
2024-05-10,453,337.0,Trump 2.0,-255,May 10
2024-05-11,76,341.14285714285717,Trump 2.0,-254,May 11
2024-05-12,62,341.14285714285717,Trump 2.0,-253,May 12
2024-05-13,425,336.14285714285717,Trump 2.0,-252,May 13
2024-05-14,457,340.14285714285717,Trump 2.0,-251,May 14
2024-05-15,506,343.42857142857144,Trump 2.0,-250,May 15
2024-05-16,427,343.7142857142857,Trump 2.0,-249,May 16
2024-05-17,434,341.0,Trump 2.0,-248,May 17
2024-05-18,75,340.85714285714283,Trump 2.0,-247,May 18
2024-05-19,95,345.57142857142856,Trump 2.0,-246,May 19
2024-05-20,416,344.2857142857143,Trump 2.0,-245,May 20
2024-05-21,424,339.57142857142856,Trump 2.0,-244,May 21
2024-05-22,447,331.14285714285717,Trump 2.0,-243,May 22
2024-05-23,425,330.85714285714283,Trump 2.0,-242,May 23
2024-05-24,443,332.14285714285717,Trump 2.0,-241,May 24
2024-05-25,71,331.57142857142856,Trump 2.0,-240,May 25
2024-05-26,80,329.42857142857144,Trump 2.0,-239,May 26
2024-05-27,139,289.85714285714283,Trump 2.0,-238,May 27
2024-05-28,448,293.2857142857143,Trump 2.0,-237,May 28
2024-05-29,423,289.85714285714283,Trump 2.0,-236,May 29
2024-05-30,463,295.2857142857143,Trump 2.0,-235,May 30
2024-05-31,387,287.2857142857143,Trump 2.0,-234,May 31
2024-06-01,66,286.57142857142856,Trump 2.0,-233,June 1
2024-06-02,58,283.42857142857144,Trump 2.0,-232,June 2
2024-06-03,348,313.2857142857143,Trump 2.0,-231,June 3
2024-06-04,392,305.2857142857143,Trump 2.0,-230,June 4
2024-06-05,457,310.14285714285717,Trump 2.0,-229,June 5
2024-06-06,435,306.14285714285717,Trump 2.0,-228,June 6
2024-06-07,397,307.57142857142856,Trump 2.0,-227,June 7
2024-06-08,98,312.14285714285717,Trump 2.0,-226,June 8
2024-06-09,87,316.2857142857143,Trump 2.0,-225,June 9
2024-06-10,387,321.85714285714283,Trump 2.0,-224,June 10
2024-06-11,411,324.57142857142856,Trump 2.0,-223,June 11
2024-06-12,481,328.0,Trump 2.0,-222,June 12
2024-06-13,472,333.2857142857143,Trump 2.0,-221,June 13
2024-06-14,399,333.57142857142856,Trump 2.0,-220,June 14
2024-06-15,59,328.0,Trump 2.0,-219,June 15
2024-06-16,72,325.85714285714283,Trump 2.0,-218,June 16
2024-06-17,373,323.85714285714283,Trump 2.0,-217,June 17
2024-06-18,453,329.85714285714283,Trump 2.0,-216,June 18
2024-06-19,186,287.7142857142857,Trump 2.0,-215,June 19
2024-06-20,394,276.57142857142856,Trump 2.0,-214,June 20
2024-06-21,316,264.7142857142857,Trump 2.0,-213,June 21
2024-06-22,59,264.7142857142857,Trump 2.0,-212,June 22
2024-06-23,84,266.42857142857144,Trump 2.0,-211,June 23
2024-06-24,411,271.85714285714283,Trump 2.0,-210,June 24
2024-06-25,435,269.2857142857143,Trump 2.0,-209,June 25
2024-06-26,424,303.2857142857143,Trump 2.0,-208,June 26
2024-06-27,399,304.0,Trump 2.0,-207,June 27
2024-06-28,393,315.0,Trump 2.0,-206,June 28
2024-06-29,74,317.14285714285717,Trump 2.0,-205,June 29
2024-06-30,51,312.42857142857144,Trump 2.0,-204,June 30
2024-07-01,386,308.85714285714283,Trump 2.0,-203,July 1
2024-07-02,463,312.85714285714283,Trump 2.0,-202,July 2
2024-07-03,451,316.7142857142857,Trump 2.0,-201,July 3
2024-07-04,142,280.0,Trump 2.0,-200,July 4
2024-07-05,337,272.0,Trump 2.0,-199,July 5
2024-07-06,59,269.85714285714283,Trump 2.0,-198,July 6
2024-07-07,53,270.14285714285717,Trump 2.0,-197,July 7
2024-07-08,360,266.42857142857144,Trump 2.0,-196,July 8
2024-07-09,395,256.7142857142857,Trump 2.0,-195,July 9
2024-07-10,446,256.0,Trump 2.0,-194,July 10
2024-07-11,402,293.14285714285717,Trump 2.0,-193,July 11
2024-07-12,438,307.57142857142856,Trump 2.0,-192,July 12
2024-07-13,55,307.0,Trump 2.0,-191,July 13
2024-07-14,59,307.85714285714283,Trump 2.0,-190,July 14
2024-07-15,346,305.85714285714283,Trump 2.0,-189,July 15
2024-07-16,414,308.57142857142856,Trump 2.0,-188,July 16
2024-07-17,449,309.0,Trump 2.0,-187,July 17
2024-07-18,419,311.42857142857144,Trump 2.0,-186,July 18
2024-07-19,394,305.14285714285717,Trump 2.0,-185,July 19
2024-07-20,73,307.7142857142857,Trump 2.0,-184,July 20
2024-07-21,60,307.85714285714283,Trump 2.0,-183,July 21
2024-07-22,325,304.85714285714283,Trump 2.0,-182,July 22
2024-07-23,458,311.14285714285717,Trump 2.0,-181,July 23
2024-07-24,404,304.7142857142857,Trump 2.0,-180,July 24
2024-07-25,401,302.14285714285717,Trump 2.0,-179,July 25
2024-07-26,390,301.57142857142856,Trump 2.0,-178,July 26
2024-07-27,63,300.14285714285717,Trump 2.0,-177,July 27
2024-07-28,73,302.0,Trump 2.0,-176,July 28
2024-07-29,423,316.0,Trump 2.0,-175,July 29
2024-07-30,417,310.14285714285717,Trump 2.0,-174,July 30
2024-07-31,434,314.42857142857144,Trump 2.0,-173,July 31
2024-08-01,425,317.85714285714283,Trump 2.0,-172,August 1
2024-08-02,382,316.7142857142857,Trump 2.0,-171,August 2
2024-08-03,67,317.2857142857143,Trump 2.0,-170,August 3
2024-08-04,72,317.14285714285717,Trump 2.0,-169,August 4
2024-08-05,339,305.14285714285717,Trump 2.0,-168,August 5
2024-08-06,392,301.57142857142856,Trump 2.0,-167,August 6
2024-08-07,388,295.0,Trump 2.0,-166,August 7
2024-08-08,391,290.14285714285717,Trump 2.0,-165,August 8
2024-08-09,387,290.85714285714283,Trump 2.0,-164,August 9
2024-08-10,61,290.0,Trump 2.0,-163,August 10
2024-08-11,72,290.0,Trump 2.0,-162,August 11
2024-08-12,387,296.85714285714283,Trump 2.0,-161,August 12
2024-08-13,390,296.57142857142856,Trump 2.0,-160,August 13
2024-08-14,395,297.57142857142856,Trump 2.0,-159,August 14
2024-08-15,385,296.7142857142857,Trump 2.0,-158,August 15
2024-08-16,399,298.42857142857144,Trump 2.0,-157,August 16
2024-08-17,54,297.42857142857144,Trump 2.0,-156,August 17
2024-08-18,63,296.14285714285717,Trump 2.0,-155,August 18
2024-08-19,367,293.2857142857143,Trump 2.0,-154,August 19
2024-08-20,445,301.14285714285717,Trump 2.0,-153,August 20
2024-08-21,434,306.7142857142857,Trump 2.0,-152,August 21
2024-08-22,402,309.14285714285717,Trump 2.0,-151,August 22
2024-08-23,365,304.2857142857143,Trump 2.0,-150,August 23
2024-08-24,73,307.0,Trump 2.0,-149,August 24
2024-08-25,53,305.57142857142856,Trump 2.0,-148,August 25
2024-08-26,383,307.85714285714283,Trump 2.0,-147,August 26
2024-08-27,398,301.14285714285717,Trump 2.0,-146,August 27
2024-08-28,489,309.0,Trump 2.0,-145,August 28
2024-08-29,376,305.2857142857143,Trump 2.0,-144,August 29
2024-08-30,415,312.42857142857144,Trump 2.0,-143,August 30
2024-08-31,55,309.85714285714283,Trump 2.0,-142,August 31
2024-09-01,86,314.57142857142856,Trump 2.0,-141,September 1
2024-09-02,102,274.42857142857144,Trump 2.0,-140,September 2
2024-09-03,402,275.0,Trump 2.0,-139,September 3
2024-09-04,437,267.57142857142856,Trump 2.0,-138,September 4
2024-09-05,395,270.2857142857143,Trump 2.0,-137,September 5
2024-09-06,391,266.85714285714283,Trump 2.0,-136,September 6
2024-09-07,48,265.85714285714283,Trump 2.0,-135,September 7
2024-09-08,67,263.14285714285717,Trump 2.0,-134,September 8
2024-09-09,409,307.0,Trump 2.0,-133,September 9
2024-09-10,384,304.42857142857144,Trump 2.0,-132,September 10
2024-09-11,399,299.0,Trump 2.0,-131,September 11
2024-09-12,362,294.2857142857143,Trump 2.0,-130,September 12
2024-09-13,376,292.14285714285717,Trump 2.0,-129,September 13
2024-09-14,48,292.14285714285717,Trump 2.0,-128,September 14
2024-09-15,68,292.2857142857143,Trump 2.0,-127,September 15
2024-09-16,382,288.42857142857144,Trump 2.0,-126,September 16
2024-09-17,423,294.0,Trump 2.0,-125,September 17
2024-09-18,384,291.85714285714283,Trump 2.0,-124,September 18
2024-09-19,420,300.14285714285717,Trump 2.0,-123,September 19
2024-09-20,371,299.42857142857144,Trump 2.0,-122,September 20
2024-09-21,58,300.85714285714283,Trump 2.0,-121,September 21
2024-09-22,55,299.0,Trump 2.0,-120,September 22
2024-09-23,341,293.14285714285717,Trump 2.0,-119,September 23
2024-09-24,437,295.14285714285717,Trump 2.0,-118,September 24
2024-09-25,379,294.42857142857144,Trump 2.0,-117,September 25
2024-09-26,381,288.85714285714283,Trump 2.0,-116,September 26
2024-09-27,376,289.57142857142856,Trump 2.0,-115,September 27
2024-09-28,68,291.0,Trump 2.0,-114,September 28
2024-09-29,65,292.42857142857144,Trump 2.0,-113,September 29
2024-09-30,379,297.85714285714283,Trump 2.0,-112,September 30
2024-10-01,398,292.2857142857143,Trump 2.0,-111,October 1
2024-10-02,451,302.57142857142856,Trump 2.0,-110,October 2
2024-10-03,393,304.2857142857143,Trump 2.0,-109,October 3
2024-10-04,365,302.7142857142857,Trump 2.0,-108,October 4
2024-10-05,72,303.2857142857143,Trump 2.0,-107,October 5
2024-10-06,63,303.0,Trump 2.0,-106,October 6
2024-10-07,369,301.57142857142856,Trump 2.0,-105,October 7
2024-10-08,393,300.85714285714283,Trump 2.0,-104,October 8
2024-10-09,408,294.7142857142857,Trump 2.0,-103,October 9
2024-10-10,431,300.14285714285717,Trump 2.0,-102,October 10
2024-10-11,438,310.57142857142856,Trump 2.0,-101,October 11
2024-10-12,51,307.57142857142856,Trump 2.0,-100,October 12
2024-10-13,58,306.85714285714283,Trump 2.0,-99,October 13
2024-10-14,120,271.2857142857143,Trump 2.0,-98,October 14
2024-10-15,409,273.57142857142856,Trump 2.0,-97,October 15
2024-10-16,460,281.0,Trump 2.0,-96,October 16
2024-10-17,415,278.7142857142857,Trump 2.0,-95,October 17
2024-10-18,378,270.14285714285717,Trump 2.0,-94,October 18
2024-10-19,82,274.57142857142856,Trump 2.0,-93,October 19
2024-10-20,64,275.42857142857144,Trump 2.0,-92,October 20
2024-10-21,406,316.2857142857143,Trump 2.0,-91,October 21
2024-10-22,403,315.42857142857144,Trump 2.0,-90,October 22
2024-10-23,430,311.14285714285717,Trump 2.0,-89,October 23
2024-10-24,391,307.7142857142857,Trump 2.0,-88,October 24
2024-10-25,400,310.85714285714283,Trump 2.0,-87,October 25
2024-10-26,63,308.14285714285717,Trump 2.0,-86,October 26
2024-10-27,78,310.14285714285717,Trump 2.0,-85,October 27
2024-10-28,379,306.2857142857143,Trump 2.0,-84,October 28
2024-10-29,433,310.57142857142856,Trump 2.0,-83,October 29
2024-10-30,450,313.42857142857144,Trump 2.0,-82,October 30
2024-10-31,404,315.2857142857143,Trump 2.0,-81,October 31
2024-11-01,379,312.2857142857143,Trump 2.0,-80,November 1
2024-11-02,53,310.85714285714283,Trump 2.0,-79,November 2
2024-11-03,72,310.0,Trump 2.0,-78,November 3
2024-11-04,375,309.42857142857144,Trump 2.0,-77,November 4
2024-11-05,353,298.0,Trump 2.0,-76,November 5
2024-11-06,421,293.85714285714283,Trump 2.0,-75,November 6
2024-11-07,396,292.7142857142857,Trump 2.0,-74,November 7
2024-11-08,430,300.0,Trump 2.0,-73,November 8
2024-11-09,52,299.85714285714283,Trump 2.0,-72,November 9
2024-11-10,55,297.42857142857144,Trump 2.0,-71,November 10
2024-11-11,122,261.2857142857143,Trump 2.0,-70,November 11
2024-11-12,421,271.0,Trump 2.0,-69,November 12
2024-11-13,413,269.85714285714283,Trump 2.0,-68,November 13
2024-11-14,440,276.14285714285717,Trump 2.0,-67,November 14
2024-11-15,445,278.2857142857143,Trump 2.0,-66,November 15
2024-11-16,63,279.85714285714283,Trump 2.0,-65,November 16
2024-11-17,66,281.42857142857144,Trump 2.0,-64,November 17
2024-11-18,352,314.2857142857143,Trump 2.0,-63,November 18
2024-11-19,413,313.14285714285717,Trump 2.0,-62,November 19
2024-11-20,423,314.57142857142856,Trump 2.0,-61,November 20
2024-11-21,483,320.7142857142857,Trump 2.0,-60,November 21
2024-11-22,430,318.57142857142856,Trump 2.0,-59,November 22
2024-11-23,61,318.2857142857143,Trump 2.0,-58,November 23
2024-11-24,64,318.0,Trump 2.0,-57,November 24
2024-11-25,405,325.57142857142856,Trump 2.0,-56,November 25
2024-11-26,400,323.7142857142857,Trump 2.0,-55,November 26
2024-11-27,339,311.7142857142857,Trump 2.0,-54,November 27
2024-11-28,51,250.0,Trump 2.0,-53,November 28
2024-11-29,254,224.85714285714286,Trump 2.0,-52,November 29
2024-11-30,56,224.14285714285714,Trump 2.0,-51,November 30
2024-12-01,44,221.28571428571428,Trump 2.0,-50,December 1
2024-12-02,338,211.71428571428572,Trump 2.0,-49,December 2
2024-12-03,376,208.28571428571428,Trump 2.0,-48,December 3
2024-12-04,438,222.42857142857142,Trump 2.0,-47,December 4
2024-12-05,399,272.14285714285717,Trump 2.0,-46,December 5
2024-12-06,422,296.14285714285717,Trump 2.0,-45,December 6
2024-12-07,71,298.2857142857143,Trump 2.0,-44,December 7
2024-12-08,86,304.2857142857143,Trump 2.0,-43,December 8
2024-12-09,386,311.14285714285717,Trump 2.0,-42,December 9
2024-12-10,402,314.85714285714283,Trump 2.0,-41,December 10
2024-12-11,414,311.42857142857144,Trump 2.0,-40,December 11
2024-12-12,425,315.14285714285717,Trump 2.0,-39,December 12
2024-12-13,405,312.7142857142857,Trump 2.0,-38,December 13
2024-12-14,81,314.14285714285717,Trump 2.0,-37,December 14
2024-12-15,72,312.14285714285717,Trump 2.0,-36,December 15
2024-12-16,387,312.2857142857143,Trump 2.0,-35,December 16
2024-12-17,492,325.14285714285717,Trump 2.0,-34,December 17
2024-12-18,423,326.42857142857144,Trump 2.0,-33,December 18
2024-12-19,496,336.57142857142856,Trump 2.0,-32,December 19
2024-12-20,436,341.0,Trump 2.0,-31,December 20
2024-12-21,73,339.85714285714283,Trump 2.0,-30,December 21
2024-12-22,79,340.85714285714283,Trump 2.0,-29,December 22
2024-12-23,423,346.0,Trump 2.0,-28,December 23
2024-12-24,137,295.2857142857143,Trump 2.0,-27,December 24
2024-12-25,36,240.0,Trump 2.0,-26,December 25
2024-12-26,292,210.85714285714286,Trump 2.0,-25,December 26
2024-12-27,250,184.28571428571428,Trump 2.0,-24,December 27
2024-12-28,55,181.71428571428572,Trump 2.0,-23,December 28
2024-12-29,68,180.14285714285714,Trump 2.0,-22,December 29
2024-12-30,327,166.42857142857142,Trump 2.0,-21,December 30
2024-12-31,294,188.85714285714286,Trump 2.0,-20,December 31
2025-01-01,61,192.42857142857142,Trump 2.0,-19,January 1
2025-01-02,323,196.85714285714286,Trump 2.0,-18,January 2
2025-01-03,304,204.57142857142858,Trump 2.0,-17,January 3
2025-01-04,46,203.28571428571428,Trump 2.0,-16,January 4
2025-01-05,56,201.57142857142858,Trump 2.0,-15,January 5
2025-01-06,294,196.85714285714286,Trump 2.0,-14,January 6
2025-01-07,366,207.14285714285714,Trump 2.0,-13,January 7
2025-01-08,432,260.14285714285717,Trump 2.0,-12,January 8
2025-01-09,173,238.71428571428572,Trump 2.0,-11,January 9
2025-01-10,349,245.14285714285714,Trump 2.0,-10,January 10
2025-01-11,67,248.14285714285714,Trump 2.0,-9,January 11
2025-01-12,66,249.57142857142858,Trump 2.0,-8,January 12
2025-01-13,426,268.42857142857144,Trump 2.0,-7,January 13
2025-01-14,433,278.0,Trump 2.0,-6,January 14
2025-01-15,444,279.7142857142857,Trump 2.0,-5,January 15
2025-01-16,415,314.2857142857143,Trump 2.0,-4,January 16
2025-01-17,422,324.7142857142857,Trump 2.0,-3,January 17
2025-01-18,73,325.57142857142856,Trump 2.0,-2,January 18
2025-01-19,76,327.0,Trump 2.0,-1,January 19
2025-01-20,127,284.2857142857143,Trump 2.0,0,January 20
2025-01-21,351,272.57142857142856,Trump 2.0,1,January 21
2025-01-22,427,270.14285714285717,Trump 2.0,2,January 22
2025-01-23,513,284.14285714285717,Trump 2.0,3,January 23
2025-01-24,545,301.7142857142857,Trump 2.0,4,January 24
2025-01-25,208,321.0,Trump 2.0,5,January 25
2025-01-26,1038,458.42857142857144,Trump 2.0,6,January 26
2025-01-27,872,564.8571428571429,Trump 2.0,7,January 27
2025-01-28,924,646.7142857142857,Trump 2.0,8,January 28
2025-01-29,901,714.4285714285714,Trump 2.0,9,January 29
2025-01-30,842,761.4285714285714,Trump 2.0,10,January 30
2025-01-31,806,798.7142857142857,Trump 2.0,11,January 31
2025-02-01,415,828.2857142857143,Trump 2.0,12,February 1
2025-02-02,305,723.5714285714286,Trump 2.0,13,February 2
2025-02-03,684,696.7142857142857,Trump 2.0,14,February 3
2025-02-04,777,675.7142857142857,Trump 2.0,15,February 4
2025-02-05,791,660.0,Trump 2.0,16,February 5
2025-02-06,703,640.1428571428571,Trump 2.0,17,February 6
2025-02-07,711,626.5714285714286,Trump 2.0,18,February 7
2025-02-08,366,619.5714285714286,Trump 2.0,19,February 8
2025-02-09,225,608.1428571428571,Trump 2.0,20,February 9
2025-02-10,701,610.5714285714286,Trump 2.0,21,February 10
2025-02-11,796,613.2857142857143,Trump 2.0,22,February 11
2025-02-12,687,598.4285714285714,Trump 2.0,23,February 12
2025-02-13,760,606.5714285714286,Trump 2.0,24,February 13
2025-02-14,741,610.8571428571429,Trump 2.0,25,February 14
2025-02-15,326,605.1428571428571,Trump 2.0,26,February 15
2025-02-16,242,607.5714285714286,Trump 2.0,27,February 16
2025-02-17,302,550.5714285714286,Trump 2.0,28,February 17
2025-02-18,813,553.0,Trump 2.0,29,February 18
2025-02-19,760,563.4285714285714,Trump 2.0,30,February 19
2025-02-20,809,570.4285714285714,Trump 2.0,31,February 20
2025-02-21,709,565.8571428571429,Trump 2.0,32,February 21
2025-02-22,321,565.1428571428571,Trump 2.0,33,February 22
2025-02-23,327,577.2857142857143,Trump 2.0,34,February 23
2025-02-24,825,652.0,Trump 2.0,35,February 24
2025-02-25,913,666.2857142857143,Trump 2.0,36,February 25
2025-02-26,903,686.7142857142857,Trump 2.0,37,February 26
2025-02-27,806,686.2857142857143,Trump 2.0,38,February 27
2025-02-28,734,689.8571428571429,Trump 2.0,39,February 28
2025-03-01,376,697.7142857142857,Trump 2.0,40,March 1
2025-03-02,316,696.1428571428571,Trump 2.0,41,March 2
2025-03-03,672,674.2857142857143,Trump 2.0,42,March 3
2025-03-04,850,665.2857142857143,Trump 2.0,43,March 4
2025-03-05,763,645.2857142857143,Trump 2.0,44,March 5
2025-03-06,823,647.7142857142857,Trump 2.0,45,March 6
2025-03-07,682,640.2857142857143,Trump 2.0,46,March 7
2025-03-08,341,635.2857142857143,Trump 2.0,47,March 8
2025-03-09,301,633.1428571428571,Trump 2.0,48,March 9
2025-03-10,697,636.7142857142857,Trump 2.0,49,March 10
2025-03-11,899,643.7142857142857,Trump 2.0,50,March 11
2025-03-12,838,654.4285714285714,Trump 2.0,51,March 12
2025-03-13,788,649.4285714285714,Trump 2.0,52,March 13
2025-03-14,714,654.0,Trump 2.0,53,March 14
2025-03-15,292,647.0,Trump 2.0,54,March 15
2025-03-16,256,640.5714285714286,Trump 2.0,55,March 16
2025-03-17,670,636.7142857142857,Trump 2.0,56,March 17
2025-03-18,861,631.2857142857143,Trump 2.0,57,March 18
2025-03-19,847,632.5714285714286,Trump 2.0,58,March 19
2025-03-20,794,633.4285714285714,Trump 2.0,59,March 20
2025-03-21,736,636.5714285714286,Trump 2.0,60,March 21
2025-03-22,328,641.7142857142857,Trump 2.0,61,March 22
2025-03-23,243,639.8571428571429,Trump 2.0,62,March 23
2025-03-24,664,639.0,Trump 2.0,63,March 24
2025-03-25,815,632.4285714285714,Trump 2.0,64,March 25
2025-03-26,845,632.1428571428571,Trump 2.0,65,March 26
2025-03-27,713,620.5714285714286,Trump 2.0,66,March 27
2025-03-28,713,617.2857142857143,Trump 2.0,67,March 28
2025-03-29,232,603.5714285714286,Trump 2.0,68,March 29
2025-03-30,252,604.8571428571429,Trump 2.0,69,March 30
2025-03-31,631,600.1428571428571,Trump 2.0,70,March 31
2025-04-01,789,596.4285714285714,Trump 2.0,71,April 1
2025-04-02,767,585.2857142857143,Trump 2.0,72,April 2
2025-04-03,719,586.1428571428571,Trump 2.0,73,April 3
2025-04-04,709,585.5714285714286,Trump 2.0,74,April 4
2025-04-05,261,589.7142857142857,Trump 2.0,75,April 5
2025-04-06,213,584.1428571428571,Trump 2.0,76,April 6
2025-04-07,649,586.7142857142857,Trump 2.0,77,April 7
2025-04-08,747,580.7142857142857,Trump 2.0,78,April 8
2025-04-09,794,584.5714285714286,Trump 2.0,79,April 9
2025-04-10,782,593.5714285714286,Trump 2.0,80,April 10
2025-04-11,722,595.4285714285714,Trump 2.0,81,April 11
2025-04-12,218,589.2857142857143,Trump 2.0,82,April 12
2025-04-13,222,590.5714285714286,Trump 2.0,83,April 13
2025-04-14,633,588.2857142857143,Trump 2.0,84,April 14
2025-04-15,731,586.0,Trump 2.0,85,April 15
2025-04-16,743,578.7142857142857,Trump 2.0,86,April 16
2025-04-17,743,573.1428571428571,Trump 2.0,87,April 17
2025-04-18,657,563.8571428571429,Trump 2.0,88,April 18
2025-04-19,225,564.8571428571429,Trump 2.0,89,April 19
2025-04-20,133,552.1428571428571,Trump 2.0,90,April 20
2025-04-21,712,563.4285714285714,Trump 2.0,91,April 21
2025-04-22,770,569.0,Trump 2.0,92,April 22
2025-04-23,832,581.7142857142857,Trump 2.0,93,April 23
2025-04-24,801,590.0,Trump 2.0,94,April 24
2025-04-25,716,598.4285714285714,Trump 2.0,95,April 25
2025-04-26,246,601.4285714285714,Trump 2.0,96,April 26
2025-04-27,302,625.5714285714286,Trump 2.0,97,April 27
2025-04-28,674,620.1428571428571,Trump 2.0,98,April 28
2025-04-29,727,614.0,Trump 2.0,99,April 29
2025-04-30,717,597.5714285714286,Trump 2.0,100,April 30
2025-05-01,737,588.4285714285714,Trump 2.0,101,May 1
2025-05-02,630,576.1428571428571,Trump 2.0,102,May 2
2025-05-03,223,572.8571428571429,Trump 2.0,103,May 3
2025-05-04,353,580.1428571428571,Trump 2.0,104,May 4
2025-05-05,717,586.2857142857143,Trump 2.0,105,May 5
2025-05-06,759,590.8571428571429,Trump 2.0,106,May 6
2025-05-07,805,603.4285714285714,Trump 2.0,107,May 7
2025-05-08,844,618.7142857142857,Trump 2.0,108,May 8
2025-05-09,742,634.7142857142857,Trump 2.0,109,May 9
2025-05-10,336,650.8571428571429,Trump 2.0,110,May 10
2025-05-11,231,633.4285714285714,Trump 2.0,111,May 11
2025-05-12,780,642.4285714285714,Trump 2.0,112,May 12
2025-05-13,855,656.1428571428571,Trump 2.0,113,May 13
2025-05-14,1004,684.5714285714286,Trump 2.0,114,May 14
2025-05-15,900,692.5714285714286,Trump 2.0,115,May 15
2025-05-16,817,703.2857142857143,Trump 2.0,116,May 16
2025-05-17,333,702.8571428571429,Trump 2.0,117,May 17
2025-05-18,286,710.7142857142857,Trump 2.0,118,May 18
2025-05-19,774,709.8571428571429,Trump 2.0,119,May 19
2025-05-20,1007,731.5714285714286,Trump 2.0,120,May 20
2025-05-21,1154,753.0,Trump 2.0,121,May 21
2025-05-22,1052,774.7142857142857,Trump 2.0,122,May 22
2025-05-23,910,788.0,Trump 2.0,123,May 23
2025-05-24,492,810.7142857142857,Trump 2.0,124,May 24
2025-05-25,423,830.2857142857143,Trump 2.0,125,May 25
2025-05-26,483,788.7142857142857,Trump 2.0,126,May 26
2025-05-27,991,786.4285714285714,Trump 2.0,127,May 27
2025-05-28,1302,807.5714285714286,Trump 2.0,128,May 28
2025-05-29,1284,840.7142857142857,Trump 2.0,129,May 29
2025-05-30,1012,855.2857142857143,Trump 2.0,130,May 30
2025-05-31,513,858.2857142857143,Trump 2.0,131,May 31
2025-06-01,530,873.5714285714286,Trump 2.0,132,June 1
2025-06-02,1131,966.1428571428571,Trump 2.0,133,June 2
2025-06-03,1897,1095.5714285714287,Trump 2.0,134,June 3
2025-06-04,2030,1199.5714285714287,Trump 2.0,135,June 4
2025-06-05,1321,1204.857142857143,Trump 2.0,136,June 5
2025-06-06,1134,1222.2857142857142,Trump 2.0,137,June 6
2025-06-07,677,1245.7142857142858,Trump 2.0,138,June 7
2025-06-08,552,1248.857142857143,Trump 2.0,139,June 8
2025-06-09,1129,1248.5714285714287,Trump 2.0,140,June 9
2025-06-10,1415,1179.7142857142858,Trump 2.0,141,June 10
2025-06-11,1425,1093.2857142857142,Trump 2.0,142,June 11
2025-06-12,1283,1087.857142857143,Trump 2.0,143,June 12
2025-06-13,1035,1073.7142857142858,Trump 2.0,144,June 13
2025-06-14,585,1060.5714285714287,Trump 2.0,145,June 14
2025-06-15,425,1042.4285714285713,Trump 2.0,146,June 15
2025-06-16,1103,1038.7142857142858,Trump 2.0,147,June 16
2025-06-17,1366,1031.7142857142858,Trump 2.0,148,June 17
2025-06-18,1254,1007.2857142857143,Trump 2.0,149,June 18
2025-06-19,925,956.1428571428571,Trump 2.0,150,June 19
2025-06-20,939,942.4285714285714,Trump 2.0,151,June 20
2025-06-21,564,939.4285714285714,Trump 2.0,152,June 21
2025-06-22,520,953.0,Trump 2.0,153,June 22
2025-06-23,997,937.8571428571429,Trump 2.0,154,June 23
2025-06-24,1259,922.5714285714286,Trump 2.0,155,June 24
2025-06-25,1219,917.5714285714286,Trump 2.0,156,June 25
2025-06-26,1174,953.1428571428571,Trump 2.0,157,June 26
2025-06-27,931,952.0,Trump 2.0,158,June 27
2025-06-28,521,945.8571428571429,Trump 2.0,159,June 28
2025-06-29,424,932.1428571428571,Trump 2.0,160,June 29
2025-06-30,852,911.4285714285714,Trump 2.0,161,June 30
2025-07-01,1205,903.7142857142857,Trump 2.0,162,July 1
2025-07-02,1155,894.5714285714286,Trump 2.0,163,July 2
2025-07-03,1062,878.5714285714286,Trump 2.0,164,July 3
2025-07-04,386,800.7142857142857,Trump 2.0,165,July 4
2025-07-05,411,785.0,Trump 2.0,166,July 5
2025-07-06,360,775.8571428571429,Trump 2.0,167,July 6
2025-07-07,890,781.2857142857143,Trump 2.0,168,July 7
2025-07-08,1176,777.1428571428571,Trump 2.0,169,July 8
2025-07-09,1143,775.4285714285714,Trump 2.0,170,July 9
2025-07-10,1184,792.8571428571429,Trump 2.0,171,July 10
2025-07-11,1061,889.2857142857143,Trump 2.0,172,July 11
2025-07-12,591,915.0,Trump 2.0,173,July 12
2025-07-13,356,914.4285714285714,Trump 2.0,174,July 13
2025-07-14,869,911.4285714285714,Trump 2.0,175,July 14
2025-07-15,1101,900.7142857142857,Trump 2.0,176,July 15
2025-07-16,1100,894.5714285714286,Trump 2.0,177,July 16
2025-07-17,1048,875.1428571428571,Trump 2.0,178,July 17
2025-07-18,897,851.7142857142857,Trump 2.0,179,July 18
2025-07-19,424,827.8571428571429,Trump 2.0,180,July 19
2025-07-20,346,826.4285714285714,Trump 2.0,181,July 20
2025-07-21,880,828.0,Trump 2.0,182,July 21
2025-07-22,1047,820.2857142857143,Trump 2.0,183,July 22
2025-07-23,1118,822.8571428571429,Trump 2.0,184,July 23
2025-07-24,1129,834.4285714285714,Trump 2.0,185,July 24
2025-07-25,925,838.4285714285714,Trump 2.0,186,July 25
2025-07-26,633,868.2857142857143,Trump 2.0,187,July 26
2025-07-27,538,895.7142857142857,Trump 2.0,188,July 27
2025-07-28,903,899.0,Trump 2.0,189,July 28
2025-07-29,1121,909.5714285714286,Trump 2.0,190,July 29
2025-07-30,1218,923.8571428571429,Trump 2.0,191,July 30
2025-07-31,1135,924.7142857142857,Trump 2.0,192,July 31
2025-08-01,977,932.1428571428571,Trump 2.0,193,August 1
2025-08-02,584,925.1428571428571,Trump 2.0,194,August 2
2025-08-03,468,915.1428571428571,Trump 2.0,195,August 3
2025-08-04,853,908.0,Trump 2.0,196,August 4
2025-08-05,1236,924.4285714285714,Trump 2.0,197,August 5
2025-08-06,1299,936.0,Trump 2.0,198,August 6
2025-08-07,1121,934.0,Trump 2.0,199,August 7
2025-08-08,1036,942.4285714285714,Trump 2.0,200,August 8
2025-08-09,517,932.8571428571429,Trump 2.0,201,August 9
2025-08-10,486,935.4285714285714,Trump 2.0,202,August 10
2025-08-11,922,945.2857142857143,Trump 2.0,203,August 11
2025-08-12,1152,933.2857142857143,Trump 2.0,204,August 12
2025-08-13,1118,907.4285714285714,Trump 2.0,205,August 13
2025-08-14,1106,905.2857142857143,Trump 2.0,206,August 14
2025-08-15,1006,901.0,Trump 2.0,207,August 15
2025-08-16,614,914.8571428571429,Trump 2.0,208,August 16
2025-08-17,561,925.5714285714286,Trump 2.0,209,August 17
2025-08-18,918,925.0,Trump 2.0,210,August 18
2025-08-19,1305,946.8571428571429,Trump 2.0,211,August 19
2025-08-20,1173,954.7142857142857,Trump 2.0,212,August 20
2025-08-21,1251,975.4285714285714,Trump 2.0,213,August 21
2025-08-22,1010,976.0,Trump 2.0,214,August 22
2025-08-23,719,991.0,Trump 2.0,215,August 23
2025-08-24,502,982.5714285714286,Trump 2.0,216,August 24
2025-08-25,1023,997.5714285714286,Trump 2.0,217,August 25
2025-08-26,1152,975.7142857142857,Trump 2.0,218,August 26
2025-08-27,1229,983.7142857142857,Trump 2.0,219,August 27
2025-08-28,1129,966.2857142857143,Trump 2.0,220,August 28
2025-08-29,944,956.8571428571429,Trump 2.0,221,August 29
2025-08-30,514,927.5714285714286,Trump 2.0,222,August 30
2025-08-31,497,926.8571428571429,Trump 2.0,223,August 31
2025-09-01,548,859.0,Trump 2.0,224,September 1
2025-09-02,1101,851.7142857142857,Trump 2.0,225,September 2
2025-09-03,1245,854.0,Trump 2.0,226,September 3
2025-09-04,1474,903.2857142857143,Trump 2.0,227,September 4
2025-09-05,1281,951.4285714285714,Trump 2.0,228,September 5
2025-09-06,708,979.1428571428571,Trump 2.0,229,September 6
2025-09-07,587,992.0,Trump 2.0,230,September 7
2025-09-08,1131,1075.2857142857142,Trump 2.0,231,September 8
2025-09-09,1449,1125.0,Trump 2.0,232,September 9
2025-09-10,1388,1145.4285714285713,Trump 2.0,233,September 10
2025-09-11,1337,1125.857142857143,Trump 2.0,234,September 11
2025-09-12,1227,1118.142857142857,Trump 2.0,235,September 12
2025-09-13,691,1115.7142857142858,Trump 2.0,236,September 13
2025-09-14,649,1124.5714285714287,Trump 2.0,237,September 14
2025-09-15,1167,1129.7142857142858,Trump 2.0,238,September 15
2025-09-16,1293,1107.4285714285713,Trump 2.0,239,September 16
2025-09-17,1468,1118.857142857143,Trump 2.0,240,September 17
2025-09-18,1422,1131.0,Trump 2.0,241,September 18
2025-09-19,1278,1138.2857142857142,Trump 2.0,242,September 19
2025-09-20,709,1140.857142857143,Trump 2.0,243,September 20
2025-09-21,600,1133.857142857143,Trump 2.0,244,September 21
2025-09-22,1192,1137.4285714285713,Trump 2.0,245,September 22
2025-09-23,1530,1171.2857142857142,Trump 2.0,246,September 23
2025-09-24,1380,1158.7142857142858,Trump 2.0,247,September 24
2025-09-25,1359,1149.7142857142858,Trump 2.0,248,September 25
2025-09-26,1194,1137.7142857142858,Trump 2.0,249,September 26
2025-09-27,683,1134.0,Trump 2.0,250,September 27
2025-09-28,612,1135.7142857142858,Trump 2.0,251,September 28
2025-09-29,1156,1130.5714285714287,Trump 2.0,252,September 29
2025-09-30,1330,1102.0,Trump 2.0,253,September 30
2025-10-01,1397,1104.4285714285713,Trump 2.0,254,October 1
2025-10-02,1322,1099.142857142857,Trump 2.0,255,October 2
2025-10-03,1315,1116.4285714285713,Trump 2.0,256,October 3
2025-10-04,686,1116.857142857143,Trump 2.0,257,October 4
2025-10-05,573,1111.2857142857142,Trump 2.0,258,October 5
2025-10-06,1066,1098.4285714285713,Trump 2.0,259,October 6
2025-10-07,1365,1103.4285714285713,Trump 2.0,260,October 7
2025-10-08,1503,1118.5714285714287,Trump 2.0,261,October 8
2025-10-09,1308,1116.5714285714287,Trump 2.0,262,October 9
2025-10-10,1296,1113.857142857143,Trump 2.0,263,October 10
2025-10-11,571,1097.4285714285713,Trump 2.0,264,October 11
2025-10-12,605,1102.0,Trump 2.0,265,October 12
2025-10-13,737,1055.0,Trump 2.0,266,October 13
2025-10-14,1396,1059.4285714285713,Trump 2.0,267,October 14
2025-10-15,1488,1057.2857142857142,Trump 2.0,268,October 15
2025-10-16,2,870.7142857142857,Trump 2.0,269,October 16
