FID,objectid,permit_number,operator,permit_status,effective_date,operational_status,permit_type,site_name,site_address_1,site_address_2,site_address_3,site_towncity,site_postcode,site_grid_reference,easting,northing,nrw_area,complianceteam,local_aurthority,permit_regime,permit_activity_code,permit_activity_description,permit_activity_limit,permit_activity_limit_units,geom
nrw_authorised_landfill_sites_pnt.1,1,BP3330LS,Mr Griffith Wyn Griffiths and Mr Edward Lloyd Griffiths,Effective,2024-06-27T01:00:00,Operational,Bespoke,Ty Mawr Farm Landfill,Betws Yn Rhos,,,Abergele,LL22 8AA,SH 93930 75420,293930,375420,North,NW Industry & Waste Regulation Team,Conwy,Waste,L05,Inert Landfill,99000,Tonnes per annum,POINT (293930 375420)
nrw_authorised_landfill_sites_pnt.2,2,FP3590LV,Clive Hurt Anglesey Limited,Effective,2025-09-05T01:00:00,Operational,Bespoke,Rhuddlan Bach Quarry Landfill Site,Rhuddlan Bach Quarry,,,Brynteg,LL78 7JJ,SH 48474 80784,248474,380784,North,North Waste Regulation,Isle of Anglesey,Waste,L05,Inert Landfill,125000,Tonnes per annum,POINT (248474 380784)
nrw_authorised_landfill_sites_pnt.3,3,KP3094FZ,Gwynedd Council,Effective,2020-12-18T00:00:00,Closed,Bespoke,Cilgwyn Landfill Site,Carmel,,,Penygroes,LL54 7SF,SH 49902 53971,249902,353971,North,NE Waste Regulation Team,Gwynedd,Waste,A04,"Household, Commercial & Industrial Waste Landfill",0,Tonnes per annum,POINT (249902 353971)
nrw_authorised_landfill_sites_pnt.4,4,KP3795FU,Tarmac Trading Limited,Effective,2023-09-25T01:00:00,Operational,Bespoke,Hendy Quarry Landfill,School Road,Miskin,,Pontyclun,CF72 8PG,ST 05405 81001,305405,181001,SouthEast,SC Waste Regulation Team,Rhondda Cynon Taff,Waste,L05,Inert Landfill,450000,Tonnes per annum,POINT (305405 181001)
nrw_authorised_landfill_sites_pnt.5,5,MP3036SS,Cemex UK Materials Ltd,Effective,2023-01-23T00:00:00,Operational,Bespoke,Whitehall Landfill,Old Port Road,,,Cardiff,CF5 6AW,ST 11700 73400,311700,173400,SouthEast,SC Waste Regulation Team,Vale of Glamorgan,Waste,L05,Inert Landfill,200000,Tonnes per annum,POINT (311700 173400)
nrw_authorised_landfill_sites_pnt.6,6,WP3432SC,Treborth Leisure Limited,Effective,2006-09-08T01:00:00,,Bespoke,Nant Y Garth Landfill Site,Vaynol Woodlands,,,Portdinorwic,LL56 4QG,SH 54600 68100,254600,368100,North,NE Waste Regulation Team,Gwynedd,Waste,L05,Inert Landfill,75000,Tonnes per annum,POINT (254600 368100)
nrw_authorised_landfill_sites_pnt.7,7,AP3292LT,Tata Steel UK Limited,Effective,2021-05-19T01:00:00,Closed,Bespoke,Morfa Tip Closed Landfill Site,Port Talbot Works,Margam,,Port Talbot,SA13 2NG,SS 77609 84235,277609,184235,SouthWest,SW Waste Regulation Team,Neath Port Talbot,Waste,A07,Industrial Waste Landfill (Factory curtilage),0,Tonnes per annum,POINT (277609 184235)
nrw_authorised_landfill_sites_pnt.8,8,AP3990LR,St Modwen Developments Limited,Effective,2017-11-15T00:00:00,Closed,Bespoke,St Modwen Developments Ltd,Llancoed House,,,Llandarcy,SA10 6HJ,SS 70580 95638,270580,195638,SouthWest,SW Waste Regulation Team,Neath Port Talbot,Waste,A07,Industrial Waste Landfill (Factory curtilage),0,Tonnes per annum,POINT (270580 195638)
nrw_authorised_landfill_sites_pnt.9,9,AP3991SM,Carmarthenshire County Council,Effective,1994-03-02T00:00:00,Closed,Bespoke,Land Off Trostre Link Road,Trostre,,,Llanelli,SA14 9SD,SS 52784 99764,252784,199764,SouthWest,SW Waste Regulation Team,Carmarthenshire,Waste,A06,Landfill taking other wastes,0,Tonnes per annum,POINT (252784 199764)
nrw_authorised_landfill_sites_pnt.10,10,BP3390VA,Flintshire County Council,Effective,2018-07-30T01:00:00,Closed,Bespoke,Standard Landfill Site,Land / Premises At,Spencers Industrial Est,,Buckley,CH7 3LY,SJ 29064 65092,329064,365092,North,NE Waste Regulation Team,Flintshire,Waste,A01,Co-Disposal Landfill Site,0,Tonnes per annum,POINT (329064 365092)
nrw_authorised_landfill_sites_pnt.11,11,BP3394FH,Welsh Assembly Government,Effective,1997-03-02T00:00:00,Closed,Bespoke,W D A - Formerly Erie Electronic 1,Marlborough Road,,,Wrexham,LL13 9RJ,SJ 38587 49814,338587,349814,North,NE Waste Regulation Team,Wrexham,Waste,A02,Other Landfill Site taking Hazardous Waste,0,Tonnes per annum,POINT (338587 349814)
nrw_authorised_landfill_sites_pnt.12,12,BP3398FA,Carmarthenshire County Council,Effective,1992-06-18T01:00:00,Closed,Bespoke,Penycoed Landfill,Penycoed Farm,Nantycaws,,Carmarthen,SA32 8HD,SN 44503 17979,244503,217979,SouthWest,SW Waste Regulation Team,Carmarthenshire,Waste,A05,Landfill taking Non-Biodegradeable Wastes,0,Tonnes per annum,POINT (244503 217979)
nrw_authorised_landfill_sites_pnt.13,13,BP3494FC,WRG (Midlands) Ltd,Effective,2023-03-01T00:00:00,Closed,Bespoke,Gardden Claypit 1 Midlands,Gardden,Ruabon,,Wrexham,LL14 6RF,SJ 30087 44716,330087,344716,North,NE Waste Regulation Team,Wrexham,Waste,A04,"Household, Commercial & Industrial Waste Landfill",0,Tonnes per annum,POINT (330087 344716)
nrw_authorised_landfill_sites_pnt.14,14,BP3594FN,Castle Cement Padeswood Ltd,Effective,2016-05-25T01:00:00,Closed,Bespoke,Padeswood Landfill,Castle Cement Padeswood Ltd,Padeswood,,Mold,CH7 4HB,SJ 29157 62054,329157,362054,North,NE Waste Regulation Team,Flintshire,Waste,A07,Industrial Waste Landfill (Factory curtilage),0,Tonnes per annum,POINT (329157 362054)
nrw_authorised_landfill_sites_pnt.15,15,BP3598FJ,Mansel Davies & Son Ltd,Effective,1992-07-31T01:00:00,Closed,Bespoke,Glogue Quarry Landfill,Glogue Quarry,Crymych,,Hermon,SA36 0ED,SN 22088 32756,222088,232756,SouthWest,SW Waste Regulation Team,Pembrokeshire,Waste,A05,Landfill taking Non-Biodegradeable Wastes,74999,Tonnes per annum,POINT (222088 232756)
nrw_authorised_landfill_sites_pnt.16,16,BP3698FP,William Corrigan,Effective,1992-09-24T01:00:00,Closed,Bespoke,Castle Meadow,Kenfig Ind Est,Kenfig Hill,,Bridgend,SA13 2PE,SS 79693 82867,279693,182867,SouthWest,SC Waste Regulation Team,Bridgend,Waste,A05,Landfill taking Non-Biodegradeable Wastes,0,Tonnes per annum,POINT (279693 182867)
nrw_authorised_landfill_sites_pnt.17,17,BP3795FD,The City of Cardiff Council,Effective,1996-02-06T00:00:00,Closed,Bespoke,Ferry Road Landfill,Ferry Road,Grangetown,,Cardiff,CF11 0JL,ST 17268 73504,317268,173504,SouthEast,SC Waste Regulation Team,Cardiff,Waste,A02,Other Landfill Site taking Hazardous Waste,0,Tonnes per annum,POINT (317268 173504)
nrw_authorised_landfill_sites_pnt.18,18,BP3798FS,Organ Nigel & Diana,Effective,1992-10-09T01:00:00,Operational,Bespoke,Pets At Rest,Gwernogle,,,Carmarthen,SA32 7SE,SN 52488 37442,252488,237442,SouthWest,SW Waste Regulation Team,Carmarthenshire,Waste,A04,"Household, Commercial & Industrial Waste Landfill",0,Tonnes per annum,POINT (252488 237442)
nrw_authorised_landfill_sites_pnt.19,19,BP3894FD,D Morgan Plc,Effective,1988-11-02T00:00:00,Closed,Bespoke,Sea View Farm 1,Ewloe,,,Deeside,CH5 3AH,SJ 29958 67294,329958,367294,North,NE Waste Regulation Team,Flintshire,Waste,A06,Landfill taking other wastes,0,Tonnes per annum,POINT (329958 367294)
nrw_authorised_landfill_sites_pnt.20,20,BP3898FM,S I Green U K Ltd,Effective,1992-08-06T01:00:00,Closed,Bespoke,Cwmrhydyceirw Quarry,Morriston,,,Swansea,SA6 6ND,SS 66547 99223,266547,199223,SouthWest,SW Waste Regulation Team,Swansea,Waste,A04,"Household, Commercial & Industrial Waste Landfill",0,Tonnes per annum,POINT (266547 199223)
nrw_authorised_landfill_sites_pnt.21,21,BP3994FJ,Welsh Assembly Government,Effective,1987-03-02T00:00:00,Closed,Bespoke,W D A - Formerly Erie Electronic 2,Wrexham Ind Est,,,Wrexham,LL13 9RJ,SJ 38587 49814,338587,349814,North,NE Waste Regulation Team,Wrexham,Waste,A02,Other Landfill Site taking Hazardous Waste,0,Tonnes per annum,POINT (338587 349814)
nrw_authorised_landfill_sites_pnt.22,22,CP3299FR,J G Powell,Effective,1990-04-25T01:00:00,Closed,Bespoke,Cwrt Y Plyffin Landfill,Llanywern,,,Brecon,LD3 0RW,SO 09578 31966,309578,231966,Mid,Mid Waste and Enforcement Team,Powys,Waste,A06,Landfill taking other wastes,,Tonnes per annum,POINT (309578 231966)
nrw_authorised_landfill_sites_pnt.23,23,CP3398FR,Lawrence D H & G L,Effective,1994-10-24T01:00:00,Closed,Bespoke,Pope Hill 2,Johnston,,,Haverfordwest,SA62 3NX,SM 93678 12697,193678,212697,SouthWest,SW Waste Regulation Team,Pembrokeshire,Waste,A05,Landfill taking Non-Biodegradeable Wastes,0,Tonnes per annum,POINT (193678 212697)
nrw_authorised_landfill_sites_pnt.24,24,CP3494VU,Welsh Government,Effective,2024-10-15T01:00:00,Closed,Bespoke,Baglan Bay Works,Baglan Bay,,,Port Talbot,SA12 7TZ,SS 73316 91939,273316,191939,SouthWest,SW Waste Regulation Team,Neath Port Talbot,Waste,A07,Industrial Waste Landfill (Factory curtilage),0,Tonnes per annum,POINT (273316 191939)
nrw_authorised_landfill_sites_pnt.25,25,DP3799FX,Andrew Harris,Effective,1994-05-18T01:00:00,Closed,Bespoke,Pencoedcae Farm Landfill,Cwmblacs,,,Merthyr Tydfil,CF48 4AJ,SO 06260 05620,306260,205620,SouthEast,SC Waste Regulation Team,Merthyr Tydfil,Waste,A06,Landfill taking other wastes,0,Tonnes per annum,POINT (306260 205620)
nrw_authorised_landfill_sites_pnt.26,26,EP3699FU,Jukes H G & C M,Effective,1992-08-01T01:00:00,Closed,Bespoke,Jukes Landfill,,,,Aberbeeg,NP13 2ER,SO 20008 03139,320008,203139,SouthEast,SE Waste Regulation Team,Blaenau Gwent,Waste,A06,Landfill taking other wastes,0,Tonnes per annum,POINT (320008 203139)
nrw_authorised_landfill_sites_pnt.27,27,FP3494FV,Watkin Jones & Son Ltd,Effective,1994-08-23T01:00:00,Closed,Bespoke,Ty Mawr East Quarry Landfill,Talysarn,,,Penygroes,LL54 6BA,SH 49885 52603,249885,352603,North,NE Waste Regulation Team,Gwynedd,Waste,A06,Landfill taking other wastes,0,Tonnes per annum,POINT (249885 352603)
nrw_authorised_landfill_sites_pnt.28,28,FP3594FA,D S Faulkner,Effective,1994-08-10T01:00:00,Closed,Bespoke,Moel Garregog,Llandegla,,,Wrexham,LL11 3AE,SJ 20751 52036,320751,352036,North,NE Waste Regulation Team,Denbighshire,Waste,A06,Landfill taking other wastes,0,Tonnes per annum,POINT (320751 352036)
nrw_authorised_landfill_sites_pnt.29,29,FP3894FP,W R G Environmental Ltd,Effective,2023-04-20T01:00:00,Closed,Bespoke,Astbury (Rossett) Landfill,Dark Lane,Burton,Rossett,Wrexham,LL12 0AE,SJ 32747 56798,332747,356798,North,NE Waste Regulation Team,Wrexham,Waste,A04,"Household, Commercial & Industrial Waste Landfill",0,Tonnes per annum,POINT (332747 356798)
nrw_authorised_landfill_sites_pnt.30,30,GP3195FZ,Richard Kinsey,Effective,2001-08-13T01:00:00,Closed,Bespoke,Coli Isaf Landfill,Bedlinog,,,Merthyr Tydfil,CF46 6SH,SO 09380 02056,309380,202056,SouthEast,SC Waste Regulation Team,Merthyr Tydfil,Waste,A06,Landfill taking other wastes,0,Tonnes per annum,POINT (309380 202056)
nrw_authorised_landfill_sites_pnt.31,31,GP3392EH,Caerphilly County Borough Council,Effective,1988-06-16T01:00:00,,Bespoke,Trehir Quarry Landfill,,,,Caerphilly,CF83 3RP,ST 15406 89539,315406,189539,SouthEast,SE Waste Regulation Team,Caerphilly,Waste,A02,Other Landfill Site taking Hazardous Waste,100000,Tonnes per annum,POINT (315406 189539)
nrw_authorised_landfill_sites_pnt.32,32,HP3199FJ,"Jenkins Messrs H, M & G",Effective,1986-03-14T00:00:00,Closed,Bespoke,Tir Gwaid Farm  Landfill,,,,Wattstown,CF39 0PS,ST 01877 94337,301877,194337,SouthEast,SC Waste Regulation Team,Rhondda Cynon Taff,Waste,A06,Landfill taking other wastes,4999,Tonnes per annum,POINT (301877 194337)
nrw_authorised_landfill_sites_pnt.33,33,HP3394FV,Onyx Leigh Environmental Ltd,Effective,1994-03-18T00:00:00,Closed,Bespoke,Bagillt Landfill Site,,,,Bagillt,CH6 6HE,SJ 22151 75431,322151,375431,North,NE Waste Regulation Team,Flintshire,Waste,A05,Landfill taking Non-Biodegradeable Wastes,0,Tonnes per annum,POINT (322151 375431)
nrw_authorised_landfill_sites_pnt.34,34,HP3494FA,Robin Jones & Sons Limited,Effective,1994-04-28T01:00:00,Closed,Bespoke,Plas Gwernoer,Nantlle,,,Caernarfon,LL54 6BB,SH 50590 52677,250590,352677,North,NE Waste Regulation Team,Gwynedd,Waste,A05,Landfill taking Non-Biodegradeable Wastes,0,Tonnes per annum,POINT (250590 352677)
nrw_authorised_landfill_sites_pnt.35,35,HP3598FM,Lawrence T & G,Effective,1997-03-12T00:00:00,Closed,Bespoke,Pope Hill 3,,,,Pope Hill,SA62 3NX,SM 93779 12694,193779,212694,SouthWest,SW Waste Regulation Team,Pembrokeshire,Waste,A05,Landfill taking Non-Biodegradeable Wastes,0,Tonnes per annum,POINT (193779 212694)
nrw_authorised_landfill_sites_pnt.36,36,HP3799FH,Tarmac Cement Limited,Effective,2024-08-19T01:00:00,Closed,Bespoke,Aberthaw Cement Works,East Aberthaw,,,Barry,CF62 3ZR,ST 03541 67087,303541,167087,SouthEast,SC Waste Regulation Team,Vale of Glamorgan,Waste,A07,Industrial Waste Landfill (Factory curtilage),0,Tonnes per annum,POINT (303541 167087)
nrw_authorised_landfill_sites_pnt.37,37,HP3899FC,Corus Strip Products      P P C (gp3331sv),Effective,1979-05-31T01:00:00,Closed,Bespoke,Llanwern Landfill : South Side Of Queensway,Llanwern Works,,,Newport,NP19 4QX,ST 37559 86205,337559,186205,SouthEast,SE Waste Regulation Team,Newport,Waste,A07,Industrial Waste Landfill (Factory curtilage),0,Tonnes per annum,POINT (337559 186205)
nrw_authorised_landfill_sites_pnt.38,38,JB3597TN,City and County of Swansea,Effective,2018-08-15T01:00:00,Closed,Bespoke,Tir John Landfill ( Closed Site),Tir John Landfill,Fabian Way,Port Tennant,Swansea,SA1 8QP,SS 68747 93461,268747,193461,SouthWest,SW Waste Regulation Team,Swansea,Waste,A02,Other Landfill Site taking Hazardous Waste,0,Tonnes per annum,POINT (268747 193461)
nrw_authorised_landfill_sites_pnt.39,39,KP3198FQ,Lloyd-woods Howell G & Enid M,Effective,1996-03-29T00:00:00,Closed,Bespoke,Wogaston,,,,Pembroke,SA71 5AA,SM 90762 01132,190762,201132,SouthWest,SW Waste Regulation Team,Pembrokeshire,Waste,A05,Landfill taking Non-Biodegradeable Wastes,0,Tonnes per annum,POINT (190762 201132)
nrw_authorised_landfill_sites_pnt.40,40,KP3994FG,Cyngor Sir Ynys Mon,Effective,2021-05-11T01:00:00,Closed,Bespoke,Penhesgyn Gors Landfill (area 3),Penhesgyn Gor Landfill,,,Menai Bridge,LL59 5RY,SH 53285 74494,253285,374494,North,NE Waste Regulation Team,Isle of Anglesey,Waste,A04,"Household, Commercial & Industrial Waste Landfill",0,Tonnes per annum,POINT (253285 374494)
nrw_authorised_landfill_sites_pnt.41,41,LP3298FS,Ceredigion County Council,Effective,1993-06-09T01:00:00,Closed,Bespoke,Penrhos Depot Landfill,,,,Llandysul,SA44 4SX,SN 38038 45531,238038,245531,Mid,Mid Waste and Enforcement Team,Ceredigion,Waste,A05,Landfill taking Non-Biodegradeable Wastes,74999,Tonnes per annum,POINT (238038 245531)
nrw_authorised_landfill_sites_pnt.42,42,LP3394FD,Castle Cement Padeswood Ltd,Effective,2016-05-25T01:00:00,Closed,Bespoke,Cefn Mawr Quarry Landfill,Cefn Mawr Quarry Landfill,,,Mold,CH7 5ED,SJ 20590 63613,320590,363613,North,NE Waste Regulation Team,Flintshire,Waste,A05,Landfill taking Non-Biodegradeable Wastes,0,Tonnes per annum,POINT (320590 363613)
nrw_authorised_landfill_sites_pnt.43,43,LP3998FV,Huw Merriman,Effective,1993-05-19T01:00:00,Closed,Bespoke,Blaencilgoed Farm,Ludchurch,,,Narberth,SA67 8LA,SN 14937 10768,214937,210768,SouthWest,SW Waste Regulation Team,Pembrokeshire,Waste,A05,Landfill taking Non-Biodegradeable Wastes,4999,Tonnes per annum,POINT (214937 210768)
nrw_authorised_landfill_sites_pnt.44,44,MP3494FQ,Gwynedd Council,Effective,1992-10-15T01:00:00,,Bespoke,Llwyn Isaf Landfill And Transfer Station,"Clynnog Fawr, Penygroes",,,Caernarfon,LL54 5DF,SH 45067 49027,245067,349027,North,NW Industry & Waste Regulation Team,Gwynedd,Waste,A04,"Household, Commercial & Industrial Waste Landfill",40000,Tonnes per annum,POINT (245067 349027)
nrw_authorised_landfill_sites_pnt.45,45,NP3199FM,Newport City Council,Effective,1992-02-28T00:00:00,,Bespoke,Docks Way Landfill,Maesglas,,,Newport,NP20 2NS,ST 30380 85851,330380,185851,SouthEast,SE Waste Regulation Team,Newport,Waste,A04,"Household, Commercial & Industrial Waste Landfill",74999,Tonnes per annum,POINT (330380 185851)
nrw_authorised_landfill_sites_pnt.46,46,NP3399FK,Richard Kinsey,Effective,1992-10-09T01:00:00,Closed,Bespoke,Coli Isaf Farm Landfill,Bedlinog,,,Merthyr Tydfil,CF46 6SH,SO 09372 02122,309372,202122,SouthEast,SC Waste Regulation Team,Merthyr Tydfil,Waste,A06,Landfill taking other wastes,0,Tonnes per annum,POINT (309372 202122)
nrw_authorised_landfill_sites_pnt.47,47,PP3195CR,John N Bowen,Effective,2016-02-09T00:00:00,Closed,Bespoke,"J A Bowen & Co, Landfill",Cyfronnydd,,,Welshpool,SY21 9EY,SJ 14638 06361,314638,306361,Mid,Mid Waste and Enforcement Team,Powys,Waste,A05,Landfill taking Non-Biodegradeable Wastes,0,Tonnes per annum,POINT (314638 306361)
nrw_authorised_landfill_sites_pnt.48,48,PP3294FJ,Gwynedd Council,Effective,2023-11-16T00:00:00,Operational,Bespoke,Ffridd Rasus Waste Management Facility,Morfa Road,,,Harlech,LL46 2UW,SH 57933 33868,257933,333868,North,NW Industry & Waste Regulation Team,Gwynedd,Waste,A04,"Household, Commercial & Industrial Waste Landfill",5000,Tonnes per annum,POINT (257933 333868)
nrw_authorised_landfill_sites_pnt.49,49,PP3395FS,Amgen Rhondda Ltd,Effective,1995-03-15T00:00:00,Closed,Bespoke,Nant Y Gwyddon  Landfill,Gelli,,,Pentre,CF41 7TL,SS 98107 94321,298107,194321,SouthEast,SC Waste Regulation Team,Rhondda Cynon Taff,Waste,A04,"Household, Commercial & Industrial Waste Landfill",300000,Tonnes per annum,POINT (298107 194321)
nrw_authorised_landfill_sites_pnt.50,50,PP3398FK,Bridgend County Borough Council,Effective,1992-01-22T00:00:00,Closed,Bespoke,Stormy Farm Landfill,,,,Bridgend,CF33 6RD,SS 84085 81696,284085,181696,SouthWest,SC Waste Regulation Team,Bridgend,Waste,A05,Landfill taking Non-Biodegradeable Wastes,0,Tonnes per annum,POINT (284085 181696)
nrw_authorised_landfill_sites_pnt.51,51,PP3695CU,J A Williams,Effective,1983-10-14T01:00:00,Closed,Bespoke,Kingswood Farm Landfill,Forden,,,Welshpool,SY21 8TS,SJ 24750 01726,324750,301726,Mid,Mid Waste and Enforcement Team,Powys,Waste,A05,Landfill taking Non-Biodegradeable Wastes,0,Tonnes per annum,POINT (324750 301726)
nrw_authorised_landfill_sites_pnt.52,52,PP3798FV,Carmarthenshire County Council,Effective,1992-06-18T01:00:00,Closed,Bespoke,Waunlwyd Farm,Hermon,,,Cynwyl Elfed,SA33 6SR,SN 35109 31812,235109,231812,SouthWest,SW Waste Regulation Team,Carmarthenshire,Waste,A05,Landfill taking Non-Biodegradeable Wastes,0,Tonnes per annum,POINT (235109 231812)
nrw_authorised_landfill_sites_pnt.53,53,PP3898FA,B J Land Holdings Ltd,Effective,1992-04-30T01:00:00,Closed,Bespoke,Penplas Farm,,,,Swansea,SA5 7LA,SS 63248 97652,263248,197652,SouthWest,SW Waste Regulation Team,Swansea,Waste,A06,Landfill taking other wastes,0,Tonnes per annum,POINT (263248 197652)
nrw_authorised_landfill_sites_pnt.54,54,PP3998FD,Pembrokeshire County Council,Effective,1992-02-26T00:00:00,Closed,Bespoke,Court House Farm,Little Newcastle,,,Letterson,SA62 5TD,SM 97569 28979,197569,228979,SouthWest,SW Waste Regulation Team,Pembrokeshire,Waste,A05,Landfill taking Non-Biodegradeable Wastes,0,Tonnes per annum,POINT (197569 228979)
nrw_authorised_landfill_sites_pnt.55,55,RP3337SE,Clive Hurt Anglesey Limited,Effective,2025-09-05T01:00:00,Operational,Bespoke,Nant Newydd Quarry Landfill Site,Brynteg,,Anglessey,,LL78 7JJ,SH 48150 81150,248150,381150,North,NW Industry & Waste Regulation Team,Isle of Anglesey,Waste,L05,Inert Landfill,125000,Tonnes per annum,POINT (248150 381150)
nrw_authorised_landfill_sites_pnt.56,56,RP3799FD,Powys County Council,Effective,1994-01-24T00:00:00,Closed,Bespoke,Bwlch Y Wern  Landfill,Llanafan Fawr,,,Builth Wells,LD2 3NB,SN 95338 54785,295338,254785,Mid,Mid Waste and Enforcement Team,Powys,Waste,A05,Landfill taking Non-Biodegradeable Wastes,0,Tonnes per annum,POINT (295338 254785)
nrw_authorised_landfill_sites_pnt.57,57,SP3094FY,I T Williams Company Ltd,Effective,1991-03-12T00:00:00,Closed,Bespoke,Plas Einon Quarry,Dyffryn,,,Clwyd,LL15 2EL,SJ 12864 54380,312864,354380,North,NE Waste Regulation Team,Denbighshire,Waste,A06,Landfill taking other wastes,0,Tonnes per annum,POINT (312864 354380)
nrw_authorised_landfill_sites_pnt.58,58,SP3298FT,Neath Port Talbot County Borough Council,Effective,2023-04-01T01:00:00,Closed,Bespoke,Giants Grave Landfill,Briton Ferry,,,Neath,SA11 2LN,SS 73372 95863,273372,195863,SouthWest,SW Waste Regulation Team,Neath Port Talbot,Waste,A02,Other Landfill Site taking Hazardous Waste,0,Tonnes per annum,POINT (273372 195863)
nrw_authorised_landfill_sites_pnt.59,59,SP3394FL,D Morgan Plc,Effective,1991-02-20T00:00:00,Closed,Bespoke,Sea View Farm 2,Ewloe,,,Deeside,CH5 3AH,SJ 29850 67460,329850,367460,North,NE Waste Regulation Team,Flintshire,Waste,A06,Landfill taking other wastes,0,Tonnes per annum,POINT (329850 367460)
nrw_authorised_landfill_sites_pnt.60,60,SP3894FZ,B Griffiths,Effective,1991-05-21T01:00:00,Closed,Bespoke,Maes Y Grug Landfill,Alltami,,,Mold,CH7 6RJ,SJ 26296 65825,326296,365825,North,NE Waste Regulation Team,Flintshire,Waste,A06,Landfill taking other wastes,0,Tonnes per annum,POINT (326296 365825)
nrw_authorised_landfill_sites_pnt.61,61,SP3998FQ,Lawrence D H & G L,Effective,1992-12-24T00:00:00,Closed,Bespoke,Pope Hill 1,Johnston,,,Haverfordwest,SA62 3NX,SM 93387 12677,193387,212677,SouthWest,SW Waste Regulation Team,Pembrokeshire,Waste,A05,Landfill taking Non-Biodegradeable Wastes,0,Tonnes per annum,POINT (193387 212677)
nrw_authorised_landfill_sites_pnt.62,62,TP3199FH,Tata Steel UK Limited,Effective,2017-08-29T01:00:00,Operational,Bespoke,Llanwern Works East,Eastern End Of Works,,,Newport,NP19 4QZ,ST 39534 86501,339534,186501,SouthEast,SE Waste Regulation Team,Newport,Waste,A07,Industrial Waste Landfill (Factory curtilage),0,Tonnes per annum,POINT (339534 186501)
nrw_authorised_landfill_sites_pnt.63,63,TP3298FH,Carmarthenshire County Council,Effective,1985-12-12T00:00:00,Closed,Bespoke,Nantycaws Landfill Phase 1,Nantycaws,,,Carmarthen,SA32 8BG,SN 47236 17448,247236,217448,SouthWest,SW Waste Regulation Team,Carmarthenshire,Waste,A04,"Household, Commercial & Industrial Waste Landfill",0,Tonnes per annum,POINT (247236 217448)
nrw_authorised_landfill_sites_pnt.64,64,TP3698FA,Pembrokeshire County Council,Effective,1961-02-27T00:00:00,Closed,Bespoke,St Davids Landfill,,,,St Davids,SA62 6XE,SM 78489 26655,178489,226655,SouthWest,SW Waste Regulation Team,Pembrokeshire,Waste,A04,"Household, Commercial & Industrial Waste Landfill",0,Tonnes per annum,POINT (178489 226655)
nrw_authorised_landfill_sites_pnt.65,65,TP3894FN,Edward Stephens,Effective,1994-01-21T00:00:00,Closed,Bespoke,Waen Farm,Nercwys,,,Mold,CH7 4EW,SJ 24392 61599,324392,361599,North,NE Waste Regulation Team,Flintshire,Waste,A05,Landfill taking Non-Biodegradeable Wastes,0,Tonnes per annum,POINT (324392 361599)
nrw_authorised_landfill_sites_pnt.66,66,TP3994FV,"Jones J, G, & E",Effective,1994-01-17T00:00:00,Closed,Bespoke,Marian Ffrith Landfill,Cwm,,,Dyserth,LL18 6HU,SJ 07290 78181,307290,378181,North,NE Waste Regulation Team,Denbighshire,Waste,A06,Landfill taking other wastes,0,Tonnes per annum,POINT (307290 378181)
nrw_authorised_landfill_sites_pnt.67,67,UP3098FG,Alan W Nicholas,Effective,1994-02-09T00:00:00,Closed,Bespoke,Slade Cross,Slade Cross,,,Cosheton,SA72 4SX,SM 99492 02792,199492,202792,SouthWest,SW Waste Regulation Team,Pembrokeshire,Waste,A05,Landfill taking Non-Biodegradeable Wastes,0,Tonnes per annum,POINT (199492 202792)
nrw_authorised_landfill_sites_pnt.68,68,VB3193HJ,Tom Prichard Contracting Ltd,Effective,2016-04-14T01:00:00,Closed,Bespoke,Croes Cwtta Landfill Site,Castell Upon Alun,,,St Brides Major,CF32 0TN,SS 91461 74734,291461,174734,SouthWest,SC Waste Regulation Team,Vale of Glamorgan,Waste,A05,Landfill taking Non-Biodegradeable Wastes,0,Tonnes per annum,POINT (291461 174734)
nrw_authorised_landfill_sites_pnt.69,69,VP3899FS,Davies Gethin & Son,Effective,1989-03-15T00:00:00,Closed,Bespoke,Croescarneinon Farm Landfill,Rhiwderin,,,Newport,NP10 8RR,ST 25294 85754,325294,185754,SouthEast,SE Waste Regulation Team,Newport,Waste,A06,Landfill taking other wastes,0,Tonnes per annum,POINT (325294 185754)
nrw_authorised_landfill_sites_pnt.70,70,XP3094FS,Watkin Jones & Son Ltd,Effective,1993-02-25T00:00:00,Closed,Bespoke,Pontrug Landfill - Part Ordnance Survey 3990,Nantlle,,,Caernarfon,LL55 2BF,SH 50214 62873,250214,362873,North,NE Waste Regulation Team,Gwynedd,Waste,A05,Landfill taking Non-Biodegradeable Wastes,0,Tonnes per annum,POINT (250214 362873)
nrw_authorised_landfill_sites_pnt.71,71,YP3195FG,Springfield Environmental Ltd,Effective,1984-09-01T01:00:00,Closed,Bespoke,Stormy West,,,,Pyle,CF32 0NP,SS 84517 80563,284517,180563,SouthWest,SC Waste Regulation Team,Bridgend,Waste,A04,"Household, Commercial & Industrial Waste Landfill",0,Tonnes per annum,POINT (284517 180563)
nrw_authorised_landfill_sites_pnt.72,72,YP3199FE,Rhondda Cynon Taff County Borough Council,Effective,1994-06-27T01:00:00,Closed,Bespoke,Coedely Reclamation & Development Scheme,Coed Ely,,,Tonyrefail,CF39 8EX,ST 00371 85943,300371,185943,SouthEast,SC Waste Regulation Team,Rhondda Cynon Taff,Waste,A01,Co-Disposal Landfill Site,0,Tonnes per annum,POINT (300371 185943)
nrw_authorised_landfill_sites_pnt.73,73,YP3299FW,Price & Company,Effective,1993-05-11T01:00:00,Closed,Bespoke,Gelliargwellt Uchaf Farm 2 Landfill,Gelligaer,,,Hengoed,CF82 8FY,ST 12302 95848,312302,195848,SouthEast,SE Waste Regulation Team,Caerphilly,Waste,A06,Landfill taking other wastes,0,Tonnes per annum,POINT (312302 195848)
nrw_authorised_landfill_sites_pnt.74,74,YP3895FY,Timet U K Ltd,Effective,1977-08-08T01:00:00,Closed,Bespoke,Timet Landfill,,,,Waunarlwydd,SA1 1XD,SS 60190 96248,260190,196248,SouthWest,SW Waste Regulation Team,Swansea,Waste,A07,Industrial Waste Landfill (Factory curtilage),0,Tonnes per annum,POINT (260190 196248)
nrw_authorised_landfill_sites_pnt.75,75,YP3995FQ,INCO Europe Ltd,Effective,1997-03-30T00:00:00,Closed,Bespoke,Inco Europe Ltd,Glais Road,Clydach,,Swansea,SA6 5QR,SN 69372 00951,269372,200951,SouthWest,SW Waste Regulation Team,Swansea,Waste,A07,Industrial Waste Landfill (Factory curtilage),0,Tonnes per annum,POINT (269372 200951)
nrw_authorised_landfill_sites_pnt.76,76,ZP3099FN,Price & Company,Effective,1991-03-19T00:00:00,Closed,Bespoke,Gellia Ar Gwellt Uchaf Farm Landfill  No 1,Gwellia Ar Gwellt Uchaf Farm L/fill,Waun Rhydd,Gelligaer,Hengoed,CF82 8FY,ST 12440 96470,312440,196470,SouthEast,SE Waste Regulation Team,Caerphilly,Waste,A06,Landfill taking other wastes,0,Tonnes per annum,POINT (312440 196470)
nrw_authorised_landfill_sites_pnt.77,77,ZP3599FP,Dow Silicones UK Limited,Effective,1991-04-09T01:00:00,Closed,Bespoke,Dow Corning Ltd,Dow Corning Landfill,,,Barry,CF63 2YL,ST 13530 68521,313530,168521,SouthEast,SC Waste Regulation Team,Vale of Glamorgan,Waste,A07,Industrial Waste Landfill (Factory curtilage),18250,Tonnes per annum,POINT (313530 168521)
nrw_authorised_landfill_sites_pnt.78,78,ZP3799FM,"Price, Mr And Mrs G L",Effective,1991-10-07T01:00:00,Closed,Bespoke,Ty'r Eos Farm Landfill,Ty'r Eos Farm Landfill,Gwehelog,,Usk,NP15 1RD,SO 38928 05130,338928,205130,SouthEast,SE Waste Regulation Team,Monmouthshire,Waste,A04,"Household, Commercial & Industrial Waste Landfill",0,Tonnes per annum,POINT (338928 205130)
nrw_authorised_landfill_sites_pnt.79,79,BU0800IZ,3C Waste Limited,Effective,2024-07-12T01:00:00,Operational,Bespoke,Llanddulas Landfill EPR/BU0800IZ,LLANDDULAS QUARRY ABERGELE ROAD,LLANDDULAS,ABERGELE,ABERGELE,LL22 8HP,SH 90400 77500,290400,377500,North,NW Industry & Waste Regulation Team,Conwy,Installation,5.2 Part A (1) a),"The disposal of waste in a landfill receiving more than 10 tonnes of waste in any day, or with a total capacity of more than 25,000 tonnes, but excluding disposals in a landfill taking only inert waste.",600000,Tonnes per annum,POINT (290400 377500)
nrw_authorised_landfill_sites_pnt.80,80,GP3330BY,Gwynedd Council,Effective,2023-11-16T00:00:00,Closed,Bespoke,Ffridd Rasus Landfill,Ffridd Rasus Landfill Site,Morfa Road,,Harlech,LL46 2UW,SH 57930 33860,257930,333860,North,NW Industry & Waste Regulation Team,Gwynedd,Installation,5.2 Part A (1) a),"The disposal of waste in a landfill receiving more than 10 tonnes of waste in any day, or with a total capacity of more than 25,000 tonnes, but excluding disposals in a landfill taking only inert waste.",0,Tonnes per annum,POINT (257930 333860)
nrw_authorised_landfill_sites_pnt.81,81,YP3138UJ,Gwynedd Council,Effective,2016-02-22T00:00:00,Operational,Bespoke,Llwyn Isaf Landfill,Llwyn Isaf Landfill Site,Clynnog Fawr,,,LL54 5DF,SH 45000 48800,245000,348800,North,NW Industry & Waste Regulation Team,Gwynedd,Installation,5.2 Part A (1) a),"The disposal of waste in a landfill receiving more than 10 tonnes of waste in any day, or with a total capacity of more than 25,000 tonnes, but excluding disposals in a landfill taking only inert waste.",,Tonnes per annum,POINT (245000 348800)
nrw_authorised_landfill_sites_pnt.82,82,BL3986ID,Tarmac Cement Limited,Effective,2024-08-21T01:00:00,Operational,Bespoke,Aberthaw Works,Aberthaw Works,East Aberthaw,Barry,,CF62 3ZR,ST 03410 67030,303410,167030,SouthEast,SC Industry Regulation Team,Vale of Glamorgan,Installation,5.2 Part A (1) a),"The disposal of waste in a landfill receiving more than 10 tonnes of waste in any day, or with a total capacity of more than 25,000 tonnes, but excluding disposals in a landfill taking only inert waste.",0,Tonnes per annum,POINT (303410 167030)
nrw_authorised_landfill_sites_pnt.83,83,DP3432SW,CCR Energy Limited,Effective,2023-03-14T00:00:00,Operational,Bespoke,Aberthaw Ash Disposal Site EPR/DP3432SW,Aberthaw Power Station The Leys,,,Aberthaw,CF62 4ZW,ST 02210 66320,302210,166320,SouthEast,SC Industry Regulation Team,Vale of Glamorgan,Installation,5.2 Part A (1) a),"The disposal of waste in a landfill receiving more than 10 tonnes of waste in any day, or with a total capacity of more than 25,000 tonnes, but excluding disposals in a landfill taking only inert waste.",1000000,Tonnes per annum,POINT (302210 166320)
nrw_authorised_landfill_sites_pnt.84,84,PP3139GB,Enovert North Limited,Effective,2020-03-06T00:00:00,Operational,Bespoke,Hafod Quarry Landfill Site,Hafod Quarry Landfill Bangor Road,Johnstown,Wrexham,,LL14 6ET,SJ 30912 45490,330912,345490,North,NE Industry Regulation Team,Wrexham,Installation,5.2 Part A (1) a),"The disposal of waste in a landfill receiving more than 10 tonnes of waste in any day, or with a total capacity of more than 25,000 tonnes, but excluding disposals in a landfill taking only inert waste.",300000,Tonnes per annum,POINT (330912 345490)
nrw_authorised_landfill_sites_pnt.85,85,GP3331SV,Tata Steel UK Limited,Effective,2013-08-12T01:00:00,Pre-Operational,Bespoke,Queensway Non-Haz Landfill EPR/GP3331SV,South Side Queensway Non-Hazardous Landfill Site Llanwern Works,Newport,,,NP19 4QZ,ST 38100 85700,338100,185700,SouthEast,SE Industry Regulation Team,Newport,Installation,5.2 Part A (1) a),"The disposal of waste in a landfill receiving more than 10 tonnes of waste in any day, or with a total capacity of more than 25,000 tonnes, but excluding disposals in a landfill taking only inert waste.",13500,Tonnes per annum,POINT (338100 185700)
nrw_authorised_landfill_sites_pnt.86,86,BV7311IE,Tata Steel UK Limited,Effective,2021-10-07T01:00:00,Operational,Bespoke,Morfa Non-Hazardous Landfill,Port Talbot Steel Works Abbey Works,Margam,,PORT TALBOT,SA13 2NG,SS 78090 86800,278090,186800,SouthWest,SW Industry Regulation Team,Neath Port Talbot,Installation,5.2 Part A (1) a),"The disposal of waste in a landfill receiving more than 10 tonnes of waste in any day, or with a total capacity of more than 25,000 tonnes, but excluding disposals in a landfill taking only inert waste.",0,Tonnes per annum,POINT (278090 186800)
nrw_authorised_landfill_sites_pnt.87,87,DP3733BK,Newport City Council,Effective,2022-01-18T00:00:00,Operational,Bespoke,Docksway Landfill,Docksway Disposal Site - Phase 2 Docks Way,Newport,,,NP20 2NS,ST 30700 84850,330700,184850,SouthEast,SE Industry Regulation Team,Newport,Installation,5.2 Part A (1) a),"The disposal of waste in a landfill receiving more than 10 tonnes of waste in any day, or with a total capacity of more than 25,000 tonnes, but excluding disposals in a landfill taking only inert waste.",171750,Tonnes per annum,POINT (330700 184850)
nrw_authorised_landfill_sites_pnt.88,88,AP3739KS,Flintshire County Council,Effective,2013-03-25T00:00:00,Operational,Bespoke,Brookhill Landfill Site EPR/AP3739KS,BROOK HILL LFS PINFOLD INDUSTRIAL ESTATE,BUCKLEY,,BUCKLEY,CH7 3PL,SJ 27880 65320,327880,365320,North,NE Industry Regulation Team,Flintshire,Installation,5.2 Part A (1) a),"The disposal of waste in a landfill receiving more than 10 tonnes of waste in any day, or with a total capacity of more than 25,000 tonnes, but excluding disposals in a landfill taking only inert waste.",0,Tonnes per annum,POINT (327880 365320)
nrw_authorised_landfill_sites_pnt.89,89,VP3935AT,Enovert South Ltd,Effective,2021-11-11T00:00:00,Operational,Bespoke,Tir John Landfill,Wern Fawr Road,Off Fabian Way,Port Tenant,SWANSEA,SA1 8LN,SS 67240 97390,267240,197390,SouthWest,SW Industry Regulation Team,Swansea,Installation,5.2 Part A (1) a),"The disposal of waste in a landfill receiving more than 10 tonnes of waste in any day, or with a total capacity of more than 25,000 tonnes, but excluding disposals in a landfill taking only inert waste.",225000,Tonnes per annum,POINT (267240 197390)
nrw_authorised_landfill_sites_pnt.90,90,MP3330WP,Resources Management U.K Limited,Effective,2025-05-13T01:00:00,Operational,Bespoke,Withyhedge Landfill,Withyhedge Landfill Bowlings House,Rudbaxton,Haverfordwest,,SA62 4DB,SM 97000 21600,197000,221600,SouthWest,SW Industry Regulation Team,Pembrokeshire,Installation,5.2 Part A (1) a),"The disposal of waste in a landfill receiving more than 10 tonnes of waste in any day, or with a total capacity of more than 25,000 tonnes, but excluding disposals in a landfill taking only inert waste.",250000,Tonnes per annum,POINT (197000 221600)
nrw_authorised_landfill_sites_pnt.91,91,RP3733PC,Biffa Waste Services Ltd,Effective,2022-07-25T01:00:00,Operational,Bespoke,Trecatti Landfill,Trecatti Landfill Site,Fochriw Road,,Merthyr Tydfil,CF48 4AB,SO 08140 07680,308140,207680,SouthEast,SC Industry Regulation Team,Merthyr Tydfil,Installation,5.2 Part A (1) a),"The disposal of waste in a landfill receiving more than 10 tonnes of waste in any day, or with a total capacity of more than 25,000 tonnes, but excluding disposals in a landfill taking only inert waste.",675000,Tonnes per annum,POINT (308140 207680)
nrw_authorised_landfill_sites_pnt.92,92,MP3835SV,Blaenau Gwent County Borough Council,Effective,2023-05-02T01:00:00,Closed,Bespoke,Silent Valley Landfill Site,Beechwood House,,,Ebbwvale,NP23 6PZ,SO 18460 06550,318460,206550,SouthEast,SE Industry Regulation Team,Blaenau Gwent,Installation,5.2 Part A (1) a),"The disposal of waste in a landfill receiving more than 10 tonnes of waste in any day, or with a total capacity of more than 25,000 tonnes, but excluding disposals in a landfill taking only inert waste.",0,Tonnes per annum,POINT (318460 206550)
nrw_authorised_landfill_sites_pnt.93,93,BP3339BH,RWE Generation UK plc,Effective,2012-10-26T01:00:00,Operational,Bespoke,Aberthaw Quarry Ash Disposal Site EPR/BP3339BH,Aberthaw Quarry Lafarge Cement Works,East Aberthaw,Barry,,CF62 3ZR,ST 04000 67200,304000,167200,SouthEast,SC Industry Regulation Team,Vale of Glamorgan,Installation,5.2 Part A (1) a),"The disposal of waste in a landfill receiving more than 10 tonnes of waste in any day, or with a total capacity of more than 25,000 tonnes, but excluding disposals in a landfill taking only inert waste.",500000,Tonnes per annum,POINT (304000 167200)
nrw_authorised_landfill_sites_pnt.94,94,GP3030BE,Tata Steel UK Limited,Effective,2025-02-21T00:00:00,Operational,Bespoke,Shotton Works Landfill Site No 1,Shotton Works Weighbridge Road,Deeside Industrial Park,,,CH5 2NH,SJ 29143 70981,329143,370981,North,NE Industry Regulation Team,Flintshire,Installation,5.2 Part A (1) a),"The disposal of waste in a landfill receiving more than 10 tonnes of waste in any day, or with a total capacity of more than 25,000 tonnes, but excluding disposals in a landfill taking only inert waste.",70000,Tonnes per annum,POINT (329143 370981)
nrw_authorised_landfill_sites_pnt.95,95,CP3735PB,CWM Environmental Ltd,Effective,2009-09-23T01:00:00,Operational,Bespoke,Nantycaws Landfill EPR/CP3735PB,Nantycaws Landfill Site Llanddarog Road,Nantycaws,,Carmarthen,SA32 8BG,SN 47860 17580,247860,217580,SouthWest,SW Industry Regulation Team,Carmarthenshire,Installation,5.2 Part A (1) a),"The disposal of waste in a landfill receiving more than 10 tonnes of waste in any day, or with a total capacity of more than 25,000 tonnes, but excluding disposals in a landfill taking only inert waste.",150000,Tonnes per annum,POINT (247860 217580)
nrw_authorised_landfill_sites_pnt.96,96,BU8819IV,FCC Waste Services (UK) Limited,Effective,2025-01-13T00:00:00,Operational,Bespoke,Pwllfawatkin Landfill Site EPR/BU8819IV,Pwllfawatkin Landfill Site,Pontardawe,,SWANSEA,SA8 4RX,SN 69470 08330,269470,208330,SouthWest,SW Industry Regulation Team,Neath Port Talbot,Installation,5.2 Part A (1) a),"The disposal of waste in a landfill receiving more than 10 tonnes of waste in any day, or with a total capacity of more than 25,000 tonnes, but excluding disposals in a landfill taking only inert waste.",0,Tonnes per annum,POINT (269470 208330)
nrw_authorised_landfill_sites_pnt.97,97,TP3835LV,SI Green UK LImited,Effective,2020-06-23T01:00:00,Closed,Bespoke,CWMRHYDYCEIRW QUARRY LANDFILL,Cwmrhydyceirw Quarry Vicarage Road,Cwmrhydyceirw,Morriston,,SA6 6DR,SS 66500 99300,266500,199300,SouthWest,SW Industry Regulation Team,Swansea,Installation,5.2 Part A (1) a),"The disposal of waste in a landfill receiving more than 10 tonnes of waste in any day, or with a total capacity of more than 25,000 tonnes, but excluding disposals in a landfill taking only inert waste.",0,Tonnes per annum,POINT (266500 199300)
nrw_authorised_landfill_sites_pnt.98,98,DP3732SQ,Cynon Valley Waste Disposal Company Ltd,Effective,2010-09-13T01:00:00,Operational,Bespoke,Bryn Pica Landfill EPR/DP3732SQ,Bryn Pica Landfill Site,Llwydcoed,Aberdare,,CF44 0BX,SO 00900 05330,300900,205330,SouthEast,SC Industry Regulation Team,Rhondda Cynon Taff,Installation,5.2 Part A (1) a),"The disposal of waste in a landfill receiving more than 10 tonnes of waste in any day, or with a total capacity of more than 25,000 tonnes, but excluding disposals in a landfill taking only inert waste.",6600000,Tonnes per annum,POINT (300900 205330)
nrw_authorised_landfill_sites_pnt.99,99,JP3239ST,The County Council of the City and County of cardiff,Effective,2007-01-08T00:00:00,Operational,Bespoke,Lamby Way Landfill Site EPR/JP3239ST,Lamby Way Landfill Site Lamby Way,Cardiff,,,CF3 8EQ,ST 22500 78000,322500,178000,SouthEast,SC Industry Regulation Team,Cardiff,Installation,5.2 Part A (1) a),"The disposal of waste in a landfill receiving more than 10 tonnes of waste in any day, or with a total capacity of more than 25,000 tonnes, but excluding disposals in a landfill taking only inert waste.",603650,Tonnes per annum,POINT (322500 178000)
nrw_authorised_landfill_sites_pnt.100,100,BU7766IC,Sundorne Products (llanidloes) Ltd,Effective,2022-06-16T01:00:00,Operational,Bespoke,Bryn Posteg Landfill,Bryn Posteg Landfill Site Tylwch Road,,,Llanidloes,SY18 6JJ,SN 99100 82200,299100,282200,Mid,NE Industry Regulation Team,Powys,Installation,5.2 Part A (1) a),"The disposal of waste in a landfill receiving more than 10 tonnes of waste in any day, or with a total capacity of more than 25,000 tonnes, but excluding disposals in a landfill taking only inert waste.",75000,Tonnes per annum,POINT (299100 282200)
nrw_authorised_landfill_sites_pnt.101,101,GP3830BG,FCC Waste Services (UK) Limited,Effective,2023-03-16T00:00:00,Closed,Bespoke,Chirk Landfill Site EPR/GP3830BG,Pen-y-Bont Works,Chirk,,WREXHAM,LL14 5AR,SJ 29140 41430,329140,341430,North,NE Industry Regulation Team,Wrexham,Installation,5.2 Part A (1) a),"The disposal of waste in a landfill receiving more than 10 tonnes of waste in any day, or with a total capacity of more than 25,000 tonnes, but excluding disposals in a landfill taking only inert waste.",0,Tonnes per annum,POINT (329140 341430)
nrw_authorised_landfill_sites_pnt.102,102,BT1908IX,JLA Disposal Limited,Effective,2013-02-21T00:00:00,Operational,Bespoke,Palleg Landfill Phase II EPR/BT1908IX,Tir Canol Palleg Road,,,Lower Cwmtwrch,SA9 2QQ,SN 76870 11510,276870,211510,SouthWest,SW Industry Regulation Team,Powys,Installation,5.2 Part A (1) a),"The disposal of waste in a landfill receiving more than 10 tonnes of waste in any day, or with a total capacity of more than 25,000 tonnes, but excluding disposals in a landfill taking only inert waste.",24999,Tonnes per annum,POINT (276870 211510)
nrw_authorised_landfill_sites_pnt.103,103,BW2692IM,Tata Steel UK Limited,Effective,2021-10-21T01:00:00,Operational,Bespoke,Morfa Hazardous Landfill,Corus Strip Products Port Talbot Works,,,Port Talbot,SA13 2NG,SS 77610 84280,277610,184280,SouthWest,SW Industry Regulation Team,Neath Port Talbot,Installation,5.2 Part A (1) a),"The disposal of waste in a landfill receiving more than 10 tonnes of waste in any day, or with a total capacity of more than 25,000 tonnes, but excluding disposals in a landfill taking only inert waste.",0,Tonnes per annum,POINT (277610 184280)
