state,district,statedistrict,pvi,year,Full Name,last_name,party
AK,AL,AK-AL,8,2024,Nicholas J. Begich III,Begich,Republican
AL,4,AL-4,33,2024,Robert B. Aderholt,Aderholt,Republican
AL,2,AL-2,17,2024,Shomari Figures,Figures,Democrat
AL,1,AL-1,16,2024,Barry Moore,Moore,Republican
AL,6,AL-6,18,2024,Gary J. Palmer,Palmer,Republican
AL,3,AL-3,19,2024,Mike Rogers,Rogers,Republican
AL,7,AL-7,-14,2024,Terri A. Sewell,Sewell,Democrat
AL,5,AL-5,17,2024,Dale W. Strong,Strong,Republican
AR,1,AR-1,22,2024,"Eric A. ""Rick"" Crawford",Crawford,Republican
AR,2,AR-2,9,2024,J. French Hill,Hill,Republican
AR,4,AR-4,20,2024,Bruce Westerman,Westerman,Republican
AR,3,AR-3,15,2024,Steve Womack,Womack,Republican
AZ,4,AZ-4,-2,2024,Yassamin Ansari,Ansari,Democrat
AZ,6,AZ-6,3,2024,Andy Biggs,Biggs,Republican
AZ,7,AZ-7,-15,2024,Juan Ciscomani,Ciscomani,Republican
AZ,3,AZ-3,-24,2024,Elijah Crane,Crane,Republican
AZ,9,AZ-9,16,2024,Paul A. Gosar,Gosar,Republican
AZ,8,AZ-8,10,2024,Abraham J. Hamadeh,Hamadeh,Republican
AZ,1,AZ-1,2,2024,Raul Grijalva,Grijalva,Democrat
AZ,2,AZ-2,6,2024,David Schweikert,Schweikert,Republican
AZ,5,AZ-5,11,2024,Greg Stanton,Stanton,Democrat
CA,33,CA-33,-12,2024,Pete Aguilar,Aguilar,Democrat
CA,44,CA-44,-24,2024,Nanette Diaz Barragan,Barragan,Democrat
CA,6,CA-6,-7,2024,Ami Bera,Bera,Democrat
CA,26,CA-26,-8,2024,Julia Brownley,Brownley,Democrat
CA,41,CA-41,3,2024,Ken Calvert,Calvert,Republican
CA,24,CA-24,-13,2024,Salud O. Carbajal,Carbajal,Democrat
CA,28,CA-28,-16,2024,Judy Chu,Chu,Democrat
CA,31,CA-31,-15,2024,"Gilbert Ray Cisneros, Jr.",Cisneros,Democrat
CA,46,CA-46,-15,2024,J. Luis Correa,Correa,Democrat
CA,21,CA-21,-9,2024,Jim Costa,Costa,Democrat
CA,10,CA-10,-18,2024,Mark DeSaulnier,DeSaulnier,Democrat
CA,20,CA-20,16,2024,Vince Fong,Fong,Republican
CA,30,CA-30,-23,2024,Laura Friedman,Friedman,Democrat
CA,8,CA-8,-26,2024,John Garamendi,Garamendi,Democrat
CA,42,CA-42,-22,2024,Robert Garcia,Garcia,Democrat
CA,34,CA-34,-32,2024,Jimmy Gomez,Gomez,Democrat
CA,13,CA-13,-4,2024,Adam Gray,Gray,Democrat
CA,9,CA-9,-5,2024,Josh Harder,Harder,Democrat
CA,2,CA-2,-23,2024,Jared Huffman,Huffman,Democrat
CA,48,CA-48,9,2024,Darrell Issa,Issa,Republican
CA,51,CA-51,-12,2024,Sara Jacobs,Jacobs,Democrat
CA,37,CA-37,-37,2024,Sydney Kamlager-Dove,Kamlager-Dove,Democrat
CA,17,CA-17,-23,2024,Ro Khanna,Khanna,Democrat
CA,3,CA-3,4,2024,Kevin Kiley,Kiley,Republican
CA,40,CA-40,2,2024,Young Kim,Kim,Republican
CA,1,CA-1,12,2024,Doug LaMalfa,LaMalfa,Republican
CA,49,CA-49,-3,2024,Mike Levin,Levin,Democrat
CA,16,CA-16,-26,2024,Sam T. Liccardo,Liccardo,Democrat
CA,36,CA-36,-21,2024,Ted Lieu,Lieu,Democrat
CA,18,CA-18,-21,2024,Zoe Lofgren,Lofgren,Democrat
CA,7,CA-7,-17,2024,Doris O. Matsui,Matsui,Democrat
CA,5,CA-5,9,2024,Tom McClintock,McClintock,Republican
CA,47,CA-47,-3,2024,Dave Min,Min,Democrat
CA,15,CA-15,-28,2024,Kevin Mullin,Mullin,Democrat
CA,23,CA-23,8,2024,Jay Obernolte,Obernolte,Republican
CA,19,CA-19,-18,2024,Jimmy Panetta,Panetta,Democrat
CA,11,CA-11,-37,2024,Nancy Pelosi,Pelosi,Democrat
CA,50,CA-50,-14,2024,Scott H. Peters,Peters,Democrat
CA,29,CA-29,-26,2024,Luz M. Rivas,Rivas,Democrat
CA,25,CA-25,-6,2024,Raul Ruiz,Ruiz,Democrat
CA,38,CA-38,-14,2024,Linda T. Sanchez,Sanchez,Democrat
CA,32,CA-32,-20,2024,Brad Sherman,Sherman,Democrat
CA,12,CA-12,-40,2024,Lateefah Simon,Simon,Democrat
CA,14,CA-14,-22,2024,Eric Swalwell,Swalwell,Democrat
CA,39,CA-39,-12,2024,Mark Takano,Takano,Democrat
CA,4,CA-4,-17,2024,Mike Thompson,Thompson,Democrat
CA,35,CA-35,-13,2024,Norma J. Torres,Torres,Democrat
CA,45,CA-45,-2,2024,Derek Tran,Tran,Democrat
CA,22,CA-22,-5,2024,David G. Valadao,Valadao,Republican
CA,52,CA-52,-18,2024,Juan Vargas,Vargas,Democrat
CA,43,CA-43,-32,2024,Maxine Waters,Waters,Democrat
CA,27,CA-27,-4,2024,George Whitesides,Whitesides,Democrat
CO,4,CO-4,13,2024,Lauren Boebert,Boebert,Republican
CO,5,CO-5,9,2024,Jeff Crank,Crank,Republican
CO,6,CO-6,-9,2024,Jason Crow,Crow,Democrat
CO,1,CO-1,-29,2024,Diana DeGette,DeGette,Democrat
CO,8,CO-8,0,2024,Gabe Evans,Evans,Republican
CO,3,CO-3,7,2024,Jeff Hurd,Hurd,Republican
CO,2,CO-2,-17,2024,Joe Neguse,Neguse,Democrat
CO,7,CO-7,-4,2024,Brittany Pettersen,Pettersen,Democrat
CT,2,CT-2,-3,2024,Joe Courtney,Courtney,Democrat
CT,3,CT-3,-7,2024,Rosa L. DeLauro,DeLauro,Democrat
CT,5,CT-5,-3,2024,Jahana Hayes,Hayes,Democrat
CT,4,CT-4,-13,2024,James A. Himes,Himes,Democrat
CT,1,CT-1,-12,2024,John B. Larson,Larson,Democrat
DE,AL,DE-AL,-7,2024,Sarah McBride,McBride,Democrat
FL,4,FL-4,6,2024,Aaron Bean,Bean,Republican
FL,12,FL-12,17,2024,Gus M. Bilirakis,Bilirakis,Republican
FL,16,FL-16,7,2024,Vern Buchanan,Buchanan,Republican
FL,3,FL-3,9,2024,Kat Cammack,Cammack,Republican
FL,14,FL-14,-8,2024,Kathy Castor,Castor,Democrat
FL,20,FL-20,-25,2024,Sheila Cherfilus-McCormick,Cherfilus-McCormick,Democrat
FL,26,FL-26,8,2024,Mario Diaz-Balart,Diaz-Balart,Republican
FL,19,FL-19,13,2024,Byron Donalds,Donalds,Republican
FL,2,FL-2,8,2024,Neal P. Dunn,Dunn,Republican
FL,6,FL-6,14,2024,Randy Fine,Fine,Republican
FL,22,FL-22,-7,2024,Lois Frankel,Frankel,Democrat
FL,18,FL-18,13,2024,Scott Franklin,Franklin,Republican
FL,10,FL-10,-14,2024,Maxwell Frost,Frost,Democrat
FL,28,FL-28,2,2024,Carlos A. Gimenez,Gimenez,Republican
FL,8,FL-8,11,2024,Mike Haridopolos,Haridopolos,Republican
FL,15,FL-15,4,2024,Laurel M. Lee,Lee,Republican
FL,13,FL-13,6,2024,Anna Paulina Luna,Luna,Republican
FL,21,FL-21,7,2024,Brian J. Mast,Mast,Republican
FL,7,FL-7,5,2024,Cory Mills,Mills,Republican
FL,23,FL-23,-5,2024,Jared Moskowitz,Moskowitz,Democrat
FL,1,FL-1,19,2024,Jimmy Patronis,Patronis,Republican
FL,5,FL-5,11,2024,John H. Rutherford,Rutherford,Republican
FL,27,FL-27,0,2024,Maria Elvira Salazar,Salazar,Republican
FL,9,FL-9,-8,2024,Darren Soto,Soto,Democrat
FL,17,FL-17,10,2024,W. Gregory Steube,Steube,Republican
FL,25,FL-25,-9,2024,Debbie Wasserman Schultz,Wasserman Schultz,Democrat
FL,11,FL-11,8,2024,Daniel Webster,Webster,Republican
FL,24,FL-24,-25,2024,Frederica S. Wilson,Wilson,Democrat
GA,12,GA-12,8,2024,Rick W. Allen,Allen,Republican
GA,2,GA-2,-3,2024,"Sanford D. Bishop, Jr.",Bishop,Democrat
GA,1,GA-1,9,2024,"Earl L. ""Buddy"" Carter",Carter,Republican
GA,9,GA-9,22,2024,Andrew S. Clyde,Clyde,Republican
GA,10,GA-10,15,2024,Mike Collins,Collins,Republican
GA,14,GA-14,22,2024,Marjorie Taylor Greene,Greene,Republican
GA,3,GA-3,18,2024,Brian Jack,Jack,Republican
GA,4,GA-4,-27,2024,"Henry C. ""Hank"" Johnson, Jr.",Johnson,Democrat
GA,11,GA-11,11,2024,Barry Loudermilk,Loudermilk,Republican
GA,6,GA-6,11,2024,Lucy McBath,McBath,Democrat
GA,7,GA-7,-10,2024,Richard McCormick,McCormick,Republican
GA,8,GA-8,16,2024,Austin Scott,Scott,Republican
GA,13,GA-13,-28,2024,David Scott,Scott,Democrat
GA,5,GA-5,-32,2024,Nikema Williams,Williams,Democrat
HI,1,HI-1,-14,2024,Ed Case,Case,Democrat
HI,2,HI-2,-14,2024,Jill N. Tokuda,Tokuda,Democrat
IA,4,IA-4,16,2024,Randy Feenstra,Feenstra,Republican
IA,2,IA-2,4,2024,Ashley Hinson,Hinson,Republican
IA,1,IA-1,3,2024,Mariannette Miller-Meeks,Miller-Meeks,Republican
IA,3,IA-3,3,2024,Zachary Nunn,Nunn,Republican
ID,1,ID-1,22,2024,Russ Fulcher,Fulcher,Republican
ID,2,ID-2,14,2024,Michael K. Simpson,Simpson,Republican
IL,12,IL-12,24,2024,Mike Bost,Bost,Republican
IL,13,IL-13,-3,2024,Nikki Budzinski,Budzinski,Democrat
IL,6,IL-6,-3,2024,Sean Casten,Casten,Democrat
IL,7,IL-7,-36,2024,Danny K. Davis,Davis,Democrat
IL,11,IL-11,-5,2024,Bill Foster,Foster,Democrat
IL,4,IL-4,-22,2024,"Jes√∫s G. ""Chuy"" Garc√≠a",Garcia,Democrat
IL,1,IL-1,-20,2024,Jonathan L. Jackson,Jackson,Democrat
IL,2,IL-2,-19,2024,Robin L. Kelly,Kelly,Democrat
IL,8,IL-8,-6,2024,Raja Krishnamoorthi,Krishnamoorthi,Democrat
IL,16,IL-16,13,2024,Darin LaHood,LaHood,Republican
IL,15,IL-15,22,2024,Mary E. Miller,Miller,Republican
IL,5,IL-5,-18,2024,Mike Quigley,Quigley,Democrat
IL,3,IL-3,-20,2024,Delia C. Ramirez,Ramirez,Democrat
IL,9,IL-9,-19,2024,Janice D. Schakowsky,Schakowsky,Democrat
IL,10,IL-10,-11,2024,Bradley Scott Schneider,Schneider,Democrat
IL,17,IL-17,-2,2024,Eric Sorensen,Sorensen,Democrat
IL,14,IL-14,-4,2024,Lauren Underwood,Underwood,Democrat
IN,4,IN-4,18,2024,James R. Baird,Baird,Republican
IN,7,IN-7,-19,2024,Andr√© Carson,Carson,Democrat
IN,9,IN-9,16,2024,Erin Houchin,Houchin,Republican
IN,8,IN-8,19,2024,Mark B. Messmer,Messmer,Republican
IN,1,IN-1,-3,2024,Frank J. Mrvan,Mrvan,Democrat
IN,6,IN-6,19,2024,Jefferson Shreve,Shreve,Republican
IN,5,IN-5,11,2024,Victoria Spartz,Spartz,Republican
IN,3,IN-3,18,2024,Marlin A. Stutzman,Stutzman,Republican
IN,2,IN-2,14,2024,Rudy Yakym III,Yakym,Republican
KS,3,KS-3,1,2024,Sharice Davids,Davids,Democrat
KS,4,KS-4,14,2024,Ron Estes,Estes,Republican
KS,1,KS-1,18,2024,Tracey Mann,Mann,Republican
KS,2,KS-2,11,2024,Derek Schmidt,Schmidt,Republican
KY,6,KY-6,9,2024,Andy Barr,Barr,Republican
KY,1,KY-1,24,2024,James Comer,Comer,Republican
KY,2,KY-2,21,2024,Brett Guthrie,Guthrie,Republican
KY,4,KY-4,19,2024,Thomas Massie,Massie,Republican
KY,3,KY-3,-9,2024,Morgan McGarvey,McGarvey,Democrat
KY,5,KY-5,32,2024,Harold Rogers,Rogers,Republican
LA,2,LA-2,-25,2024,Troy A. Carter,Carter,Democrat
LA,6,LA-6,19,2024,Cleo Fields,Fields,Democrat
LA,3,LA-3,21,2024,Clay Higgins,Higgins,Republican
LA,4,LA-4,14,2024,Mike Johnson,Johnson,Republican
LA,5,LA-5,17,2024,Julia Letlow,Letlow,Republican
LA,1,LA-1,23,2024,Steve Scalise,Scalise,Republican
MA,4,MA-4,-12,2024,Jake Auchincloss,Auchincloss,Democrat
MA,5,MA-5,-23,2024,Katherine M. Clark,Clark,Democrat
MA,9,MA-9,-6,2024,William R. Keating,Keating,Democrat
MA,8,MA-8,-15,2024,Stephen F. Lynch,Lynch,Democrat
MA,2,MA-2,-13,2024,James P. McGovern,McGovern,Democrat
MA,6,MA-6,-11,2024,Seth Moulton,Moulton,Democrat
MA,1,MA-1,-9,2024,Richard E. Neal,Neal,Democrat
MA,7,MA-7,-35,2024,Ayanna Pressley,Pressley,Democrat
MA,3,MA-3,-11,2024,Lori Trahan,Trahan,Democrat
MD,3,MD-3,-10,2024,Sarah Elfreth,Elfreth,Democrat
MD,1,MD-1,11,2024,Andy Harris,Harris,Republican
MD,5,MD-5,-15,2024,Steny H. Hoyer,Hoyer,Democrat
MD,4,MD-4,-40,2024,Glenn Ivey,Ivey,Democrat
MD,6,MD-6,-2,2024,April McClain Delaney,McClain Delaney,Democrat
MD,7,MD-7,-30,2024,Kweisi Mfume,Mfume,Democrat
MD,2,MD-2,-7,2024,"Johnny Olszewski, Jr.",Olszewski,Democrat
MD,8,MD-8,-29,2024,Jamie Raskin,Raskin,Democrat
ME,2,ME-2,6,2024,Jared F. Golden,Golden,Democrat
ME,1,ME-1,-9,2024,Chellie Pingree,Pingree,Democrat
MI,7,MI-7,2,2024,Tom Barrett,Barrett,Republican
MI,1,MI-1,13,2024,Jack Bergman,Bergman,Republican
MI,6,MI-6,-11,2024,Debbie Dingell,Dingell,Democrat
MI,4,MI-4,5,2024,Bill Huizenga,Huizenga,Republican
MI,10,MI-10,3,2024,John James,James,Republican
MI,9,MI-9,18,2024,Lisa C. McClain,McClain,Republican
MI,8,MI-8,1,2024,Kristen McDonald Rivet,McDonald Rivet,Democrat
MI,2,MI-2,16,2024,John R. Moolenaar,Moolenaar,Republican
MI,3,MI-3,-1,2024,Hillary J. Scholten,Scholten,Democrat
MI,11,MI-11,-7,2024,Haley M. Stevens,Stevens,Democrat
MI,13,MI-13,-23,2024,Shri Thanedar,Thanedar,Democrat
MI,12,MI-12,-23,2024,Rashida Tlaib,Tlaib,Democrat
MI,5,MI-5,15,2024,Tim Walberg,Walberg,Republican
MN,2,MN-2,-1,2024,Angie Craig,Craig,Democrat
MN,6,MN-6,12,2024,Tom Emmer,Emmer,Republican
MN,1,MN-1,7,2024,Brad Finstad,Finstad,Republican
MN,7,MN-7,19,2024,Michelle Fischbach,Fischbach,Republican
MN,4,MN-4,-17,2024,Betty McCollum,McCollum,Democrat
MN,3,MN-3,-8,2024,Kelly Morrison,Morrison,Democrat
MN,5,MN-5,-30,2024,Ilhan Omar,Omar,Democrat
MN,8,MN-8,8,2024,Pete Stauber,Stauber,Republican
MO,4,MO-4,23,2024,Mark Alford,Alford,Republican
MO,1,MO-1,-27,2024,Wesley Bell,Bell,Democrat
MO,7,MO-7,24,2024,Eric Burlison,Burlison,Republican
MO,5,MO-5,-11,2024,Emanuel Cleaver,Cleaver,Democrat
MO,6,MO-6,21,2024,Sam Graves,Graves,Republican
MO,3,MO-3,16,2024,"Robert F. Onder, Jr.",Onder,Republican
MO,8,MO-8,28,2024,Jason Smith,Smith,Republican
MO,2,MO-2,7,2024,Ann Wagner,Wagner,Republican
MS,4,MS-4,22,2024,Michael Guest,Guest,Republican
MS,2,MS-2,-11,2024,Trent Kelly,Kelly,Republican
MS,1,MS-1,18,2024,Kimberlyn King-Hinds,King-Hinds,Republican
MS,3,MS-3,15,2024,Bennie G. Thompson,Thompson,Democrat
MT,1,MT-1,6,2024,Mike Ezell,Ezell,Republican
MT,2,MT-2,16,2024,Ryan K. Zinke,Zinke,Republican
NC,13,NC-13,2,2024,Alma S. Adams,Adams,Democrat
NC,2,NC-2,-12,2024,Donald G. Davis,Davis,Democrat
NC,1,NC-1,-2,2024,Troy Downing,Downing,Republican
NC,12,NC-12,-13,2024,Chuck Edwards,Edwards,Republican
NC,5,NC-5,13,2024,Valerie P. Foushee,Foushee,Democrat
NC,6,NC-6,-4,2024,Virginia Foxx,Foxx,Republican
NC,11,NC-11,8,2024,Pat Harrigan,Harrigan,Republican
NC,9,NC-9,6,2024,Mark Harris,Harris,Republican
NC,10,NC-10,22,2024,Richard Hudson,Hudson,Republican
NC,14,NC-14,-6,2024,Brad Knott,Knott,Republican
NC,7,NC-7,8,2024,Addison P. McDowell,McDowell,Republican
NC,4,NC-4,-16,2024,Gregory F. Murphy,Murphy,Republican
NC,3,NC-3,15,2024,Deborah K. Ross,Ross,Democrat
NC,8,NC-8,20,2024,David Rouzer,Rouzer,Republican
ND,AL,ND-AL,20,2024,Tim Moore,Moore,Republican
NE,3,NE-3,29,2024,Don Bacon,Bacon,Republican
NE,1,NE-1,9,2024,Julie Fedorchak,Fedorchak,Republican
NE,2,NE-2,0,2024,Mike Flood,Flood,Republican
NH,2,NH-2,-2,2024,Chris Pappas,Pappas,Democrat
NH,1,NH-1,0,2024,Adrian Smith,Smith,Republican
NJ,4,NJ-4,14,2024,"Herbert C. Conaway, Jr.",Conaway,Democrat
NJ,1,NJ-1,-10,2024,Maggie Goodlander,Goodlander,Democrat
NJ,6,NJ-6,-8,2024,Josh Gottheimer,Gottheimer,Democrat
NJ,8,NJ-8,-22,2024,"Thomas H. Kean, Jr.",Kean,Republican
NJ,11,NJ-11,-6,2024,LaMonica McIver,McIver,Democrat
NJ,9,NJ-9,-8,2024,Robert Menendez,Menendez,Democrat
NJ,2,NJ-2,5,2024,Donald Norcross,Norcross,Democrat
NJ,7,NJ-7,1,2024,"Frank Pallone, Jr.",Pallone,Democrat
NJ,10,NJ-10,-30,2024,Nellie Pou,Pou,Democrat
NJ,12,NJ-12,-12,2024,Mikie Sherrill,Sherrill,Democrat
NJ,5,NJ-5,-4,2024,Christopher H. Smith,Smith,Republican
NJ,3,NJ-3,-5,2024,Jefferson Van Drew,Van Drew,Republican
NM,2,NM-2,-1,2024,Melanie A. Stansbury,Stansbury,Democrat
NM,3,NM-3,-4,2024,Gabe Vasquez,Vasquez,Democrat
NM,1,NM-1,-5,2024,Bonnie Watson Coleman,Watson Coleman,Democrat
NV,3,NV-3,-1,2024,Mark E. Amodei,Amodei,Republican
NV,4,NV-4,-3,2024,Susie Lee,Lee,Democrat
NV,1,NV-1,-3,2024,Teresa Leger Fernandez,Leger Fernandez,Democrat
NV,2,NV-2,8,2024,Dina Titus,Titus,Democrat
NY,10,NY-10,-35,2024,Yvette D. Clarke,Clarke,Democrat
NY,14,NY-14,-28,2024,Adriano Espaillat,Espaillat,Democrat
NY,3,NY-3,-2,2024,Andrew R. Garbarino,Garbarino,Republican
NY,5,NY-5,-30,2024,Laura Gillen,Gillen,Democrat
NY,11,NY-11,6,2024,Daniel S. Goldman,Goldman,Democrat
NY,1,NY-1,3,2024,Steven Horsford,Horsford,Democrat
NY,9,NY-9,-25,2024,Hakeem S. Jeffries,Jeffries,Democrat
NY,2,NY-2,3,2024,Nick LaLota,LaLota,Republican
NY,24,NY-24,11,2024,Nicholas A. Langworthy,Langworthy,Republican
NY,17,NY-17,-3,2024,George Latimer,Latimer,Democrat
NY,18,NY-18,-1,2024,Michael Lawler,Lawler,Republican
NY,12,NY-12,-34,2024,Nicole Malliotakis,Malliotakis,Republican
NY,23,NY-23,12,2024,John W. Mannion,Mannion,Democrat
NY,6,NY-6,-15,2024,Gregory W. Meeks,Meeks,Democrat
NY,7,NY-7,-31,2024,Grace Meng,Meng,Democrat
NY,26,NY-26,-9,2024,Joseph D. Morelle,Morelle,Democrat
NY,13,NY-13,-38,2024,Jerrold Nadler,Nadler,Democrat
NY,15,NY-15,-35,2024,Alexandria Ocasio-Cortez,Ocasio-Cortez,Democrat
NY,20,NY-20,-7,2024,Josh Riley,Riley,Democrat
NY,19,NY-19,0,2024,Patrick Ryan,Ryan,Democrat
NY,22,NY-22,-1,2024,Elise M. Stefanik,Stefanik,Republican
NY,4,NY-4,-5,2024,Thomas R. Suozzi,Suozzi,Democrat
NY,25,NY-25,-7,2024,Claudia Tenney,Tenney,Republican
NY,21,NY-21,9,2024,Paul Tonko,Tonko,Democrat
NY,16,NY-16,-20,2024,Ritchie Torres,Torres,Democrat
NY,8,NY-8,-26,2024,Nydia M. Vel√°zquez,Velazquez,Democrat
OH,13,OH-13,1,2024,Troy Balderson,Balderson,Republican
OH,4,OH-4,20,2024,Joyce Beatty,Beatty,Democrat
OH,12,OH-12,18,2024,Shontel M. Brown,Brown,Democrat
OH,9,OH-9,3,2024,Warren Davidson,Davidson,Republican
OH,5,OH-5,15,2024,Jim Jordan,Jordan,Republican
OH,15,OH-15,6,2024,David P. Joyce,Joyce,Republican
OH,10,OH-10,4,2024,Marcy Kaptur,Kaptur,Democrat
OH,1,OH-1,-2,2024,Timothy M. Kennedy,Kennedy,Democrat
OH,2,OH-2,25,2024,Greg Landsman,Landsman,Democrat
OH,6,OH-6,16,2024,Robert E. Latta,Latta,Republican
OH,8,OH-8,14,2024,Max L. Miller,Miller,Republican
OH,7,OH-7,7,2024,Michael A. Rulli,Rulli,Republican
OH,14,OH-14,9,2024,Emilia Strong Sykes,Sykes,Democrat
OH,3,OH-3,-20,2024,David J. Taylor,Taylor,Republican
OH,11,OH-11,-28,2024,Michael R. Turner,Turner,Republican
OK,3,OK-3,24,2024,Josh Brecheen,Brecheen,Republican
OK,1,OK-1,14,2024,Mike Carey,Carey,Republican
OK,5,OK-5,12,2024,Tom Cole,Cole,Republican
OK,2,OK-2,29,2024,Kevin Hern,Hern,Republican
OK,4,OK-4,19,2024,Frank D. Lucas,Lucas,Republican
OR,3,OR-3,-22,2024,Cliff Bentz,Bentz,Republican
OR,1,OR-1,-18,2024,Stephanie I. Bice,Bice,Republican
OR,2,OR-2,15,2024,Suzanne Bonamici,Bonamici,Democrat
OR,6,OR-6,-4,2024,Janelle S. Bynum,Bynum,Democrat
OR,4,OR-4,-4,2024,Maxine Dexter,Dexter,Democrat
OR,5,OR-5,-2,2024,Val T. Hoyle,Hoyle,Democrat
PA,3,PA-3,-39,2024,Brendan F. Boyle,Boyle,Democrat
PA,9,PA-9,21,2024,"Robert P. Bresnahan, Jr.",Bresnahan,Republican
PA,5,PA-5,-14,2024,Madeleine Dean,Dean,Democrat
PA,4,PA-4,-7,2024,Dwight Evans,Evans,Democrat
PA,2,PA-2,-20,2024,Brian K. Fitzpatrick,Fitzpatrick,Republican
PA,7,PA-7,2,2024,Chrissy Houlahan,Houlahan,Democrat
PA,14,PA-14,18,2024,John Joyce,Joyce,Republican
PA,17,PA-17,0,2024,Mike Kelly,Kelly,Republican
PA,13,PA-13,25,2024,Summer L. Lee,Lee,Democrat
PA,8,PA-8,4,2024,Ryan Mackenzie,Mackenzie,Republican
PA,10,PA-10,5,2024,Daniel Meuser,Meuser,Republican
PA,11,PA-11,13,2024,Scott Perry,Perry,Republican
PA,15,PA-15,21,2024,Guy Reschenthaler,Reschenthaler,Republican
PA,1,PA-1,0,2024,Andrea Salinas,Salinas,Democrat
PA,6,PA-6,-5,2024,Mary Gay Scanlon,Scanlon,Democrat
PA,12,PA-12,-8,2024,Lloyd Smucker,Smucker,Republican
PA,16,PA-16,13,2024,Glenn Thompson,Thompson,Republican
RI,2,RI-2,-4,2024,Gabe Amo,Amo,Democrat
RI,1,RI-1,-12,2024,Christopher R. Deluzio,Deluzio,Democrat
SC,4,SC-4,12,2024,Sheri Biggs,Biggs,Republican
SC,7,SC-7,11,2024,James E. Clyburn,Clyburn,Democrat
SC,2,SC-2,8,2024,Nancy Mace,Mace,Republican
SC,1,SC-1,7,2024,Seth Magaziner,Magaziner,Democrat
SC,6,SC-6,-14,2024,Ralph Norman,Norman,Republican
SC,5,SC-5,12,2024,William R. Timmons IV,Timmons,Republican
SC,3,SC-3,21,2024,Joe Wilson,Wilson,Republican
SD,AL,SD-AL,16,2024,Russell Fry,Fry,Republican
TN,3,TN-3,19,2024,Tim Burchett,Burchett,Republican
TN,9,TN-9,-22,2024,Steve Cohen,Cohen,Democrat
TN,5,TN-5,9,2024,Scott DesJarlais,DesJarlais,Republican
TN,4,TN-4,22,2024,"Charles J. ""Chuck"" Fleischmann",Fleischmann,Republican
TN,2,TN-2,18,2024,Diana Harshbarger,Harshbarger,Republican
TN,1,TN-1,30,2024,Dusty Johnson,Johnson,Republican
TN,8,TN-8,21,2024,David Kustoff,Kustoff,Republican
TN,6,TN-6,17,2024,Andrew Ogles,Ogles,Republican
TN,7,TN-7,10,2024,John W. Rose,Rose,Republican
TX,19,TX-19,26,2024,Jodey C. Arrington,Arrington,Republican
TX,36,TX-36,18,2024,Brian Babin,Babin,Republican
TX,31,TX-31,14,2024,John R. Carter,Carter,Republican
TX,35,TX-35,-21,2024,Greg Casar,Casar,Democrat
TX,20,TX-20,-15,2024,Joaquin Castro,Castro,Democrat
TX,27,TX-27,13,2024,Michael Cloud,Cloud,Republican
TX,2,TX-2,15,2024,Dan Crenshaw,Crenshaw,Republican
TX,30,TX-30,-27,2024,Jasmine Crockett,Crockett,Democrat
TX,28,TX-28,-3,2024,Henry Cuellar,Cuellar,Democrat
TX,15,TX-15,1,2024,Monica De La Cruz,De La Cruz,Republican
TX,37,TX-37,-24,2024,Lloyd Doggett,Doggett,Democrat
TX,6,TX-6,15,2024,Jake Ellzey,Ellzey,Republican
TX,16,TX-16,-17,2024,Veronica Escobar,Escobar,Democrat
TX,4,TX-4,16,2024,Pat Fallon,Fallon,Republican
TX,7,TX-7,-13,2024,Lizzie Fletcher,Fletcher,Democrat
TX,29,TX-29,-18,2024,Sylvia R. Garcia,Garcia,Democrat
TX,26,TX-26,13,2024,Brandon Gill,Gill,Republican
TX,12,TX-12,12,2024,Craig A. Goldman,Goldman,Republican
TX,23,TX-23,5,2024,Tony Gonzales,Gonzales,Republican
TX,34,TX-34,-9,2024,Vicente Gonzalez,Gonzalez,Democrat
TX,5,TX-5,14,2024,Lance Gooden,Gooden,Republican
TX,9,TX-9,-26,2024,Al Green,Green,Democrat
TX,38,TX-38,12,2024,Wesley Hunt,Hunt,Republican
TX,13,TX-13,26,2024,Ronny Jackson,Jackson,Republican
TX,32,TX-32,-14,2024,Julie Johnson,Johnson,Democrat
TX,8,TX-8,16,2024,Morgan Luttrell,Luttrell,Republican
TX,10,TX-10,13,2024,Michael T. McCaul,McCaul,Republican
TX,1,TX-1,26,2024,Nathaniel Moran,Moran,Republican
TX,22,TX-22,11,2024,Troy E. Nehls,Nehls,Republican
TX,11,TX-11,23,2024,August Pfluger,Pfluger,Republican
TX,21,TX-21,13,2024,Chip Roy,Roy,Republican
TX,3,TX-3,11,2024,Keith Self,Self,Republican
TX,17,TX-17,14,2024,Pete Sessions,Sessions,Republican
TX,24,TX-24,10,2024,Beth Van Duyne,Van Duyne,Republican
TX,33,TX-33,-24,2024,Marc A. Veasey,Veasey,Democrat
TX,14,TX-14,17,2024,"Randy K. Weber, Sr.",Weber,Republican
TX,25,TX-25,19,2024,Roger Williams,Williams,Republican
UT,3,UT-3,13,2024,Mike Kennedy,Kennedy,Republican
UT,2,UT-2,11,2024,Celeste Maloy,Maloy,Republican
UT,1,UT-1,12,2024,Blake D. Moore,Moore,Republican
UT,4,UT-4,16,2024,Burgess Owens,Owens,Republican
VA,8,VA-8,-26,2024,"Donald S. Beyer, Jr.",Beyer,Democrat
VA,6,VA-6,14,2024,Ben Cline,Cline,Republican
VA,9,VA-9,23,2024,H. Morgan Griffith,Griffith,Republican
VA,2,VA-2,2,2024,Jennifer A. Kiggans,Kiggans,Republican
VA,4,VA-4,-16,2024,Jennifer L. McClellan,McClellan,Democrat
VA,5,VA-5,7,2024,John J. McGuire III,McGuire,Republican
VA,3,VA-3,-17,2024,"Robert C. ""Bobby"" Scott",Scott,Democrat
VA,10,VA-10,-6,2024,Suhas Subramanyam,Subramanyam,Democrat
VA,7,VA-7,-1,2024,Eugene Simon Vindman,Vindman,Democrat
VA,11,VA-11,-18,2024,James Walkinshaw,Walkinshaw,Democrat
VA,1,VA-1,6,2024,Robert J. Wittman,Wittman,Republican
VT,AL,VT-AL,-16,2024,Becca Balint,Balint,Democrat
WA,5,WA-5,8,2024,Michael Baumgartner,Baumgartner,Republican
WA,1,WA-1,-13,2024,Suzan K. DelBene,DelBene,Democrat
WA,3,WA-3,5,2024,Marie Gluesenkamp Perez,Gluesenkamp Perez,Democrat
WA,7,WA-7,-36,2024,Pramila Jayapal,Jayapal,Democrat
WA,2,WA-2,-9,2024,Rick Larsen,Larsen,Democrat
WA,4,WA-4,11,2024,Dan Newhouse,Newhouse,Republican
WA,6,WA-6,-6,2024,Emily Randall,Randall,Democrat
WA,8,WA-8,-1,2024,Kim Schrier,Schrier,Democrat
WA,9,WA-9,-21,2024,Adam Smith,Smith,Democrat
WA,10,WA-10,-7,2024,Marilyn Strickland,Strickland,Democrat
WI,5,WI-5,14,2024,Scott Fitzgerald,Fitzgerald,Republican
WI,6,WI-6,10,2024,Glenn Grothman,Grothman,Republican
WI,4,WI-4,-25,2024,Gwen Moore,Moore,Democrat
WI,2,WI-2,-19,2024,Mark Pocan,Pocan,Democrat
WI,1,WI-1,3,2024,Bryan Steil,Steil,Republican
WI,7,WI-7,12,2024,Thomas P. Tiffany,Tiffany,Republican
WI,3,WI-3,4,2024,Derrick Van Orden,Van Orden,Republican
WI,8,WI-8,10,2024,Tony Wied,Wied,Republican
WV,1,WV-1,23,2024,Carol D. Miller,Miller,Republican
WV,2,WV-2,22,2024,Riley M. Moore,Moore,Republican
WY,AL,WY-AL,25,2024,Harriet M. Hageman,Hageman,Republican